File Name,Risk Reward_5,Risk Reward_10,Risk Reward_15
ATLC.csv,15.322560072956268,-3.5591414978037794,-4.472034492911385
AJG.csv,15.582003650544726,25.77748637732681,20.928239791931052
JOE.csv,15.964263263200042,-17040.824773367658,46.1517095069451
XLK.csv,16.41529117715349,18.774908733674227,18.059294534852132
CRVL.csv,16.770696696619577,32.47114411039758,25.038347381902028
COOP.csv,17.056653375972278,30.128542162337187,39.517028311087365
BX.csv,17.135977669982932,28.81111701694828,23.441759688609498
VGT.csv,17.361537111310934,17.3725199059898,17.657010429526224
SOXX.csv,17.521612208319386,20.189604883340976,19.23404447114569
QQQ.csv,17.741092073260376,16.39298697975367,17.114049863845302
ITB.csv,18.222403819063278,30.59945807119844,24.428938855345606
MMC.csv,18.47832748612074,23.620421812014307,21.56934760017105
BRO.csv,18.54005786131439,58.248472954866045,33.86491161772542
CAR.csv,18.57294372115748,19.74936633660456,19.399017693608137
PGR.csv,18.574620685880262,22.165672888489304,20.887018359779677
XHB.csv,18.879340291735332,31.77888568327445,25.351428760654315
XSD.csv,18.906692136965187,33.051758153142025,25.809674355453517
IGM.csv,19.01627761257299,17.00972769406526,18.037324192358412
AMP.csv,19.11682087485108,26.714379992796417,23.18828966898217
TBBK.csv,19.17605935099477,40.62184596580786,28.35704638225173
XNTK.csv,19.301785794713677,-48.47642278492084,-102.46519367280426
IWF.csv,19.373089421791075,19.092018189165216,19.55819690890409
AGM.csv,19.86102112351804,22.19550537551224,21.94377975055651
ACGL.csv,19.94923864677088,621.3438549705585,59.18958807293137
MORN.csv,19.98427347488756,26.29462547552046,23.69116894793402
MGK.csv,20.03161336532355,19.511784282404733,20.35953054198078
SPGI.csv,20.06092571172749,18.71939504855322,19.1928585250986
PHO.csv,20.088280120616247,39.08317213707782,29.465324050857397
FXL.csv,20.29968003444716,-63.6522741104134,-150.13644628357534
FIW.csv,20.323719095587784,26.53313575753586,23.963032837038167
PKB.csv,20.52282641683517,-48.42334109006386,-102.93449929996252
VUG.csv,20.76657406212469,19.85034930191847,20.80075978842516
QTEC.csv,20.861281626428973,17.31491671684025,18.97081542756842
QQEW.csv,20.97995578690529,18.389464002535657,19.449373657875917
OEF.csv,21.124394533226766,24.14637099843396,23.03665565830281
ERIE.csv,21.428839278335328,22.561699072784812,22.7842273166256
SPHQ.csv,21.598379201088747,21.228070066364683,21.706662944727327
IGV.csv,21.60329886484882,17.67627788311722,19.38321236218684
MGC.csv,21.760820205389106,22.95004804328537,22.663624529963567
IOO.csv,21.7994844949902,225.9612236179493,59.32960405760856
FRO.csv,21.866409558978223,75.2605946559075,57.015355626528525
IYK.csv,22.02515049872189,23.836913198667677,23.401532364579957
FCNCA.csv,22.02915014073601,35.071552648043905,27.122140627156707
NBN.csv,22.07587398337266,-2.2130679649102696,-2.808921796024921
SPLG.csv,22.076742810194723,-3.1106681935511062,-3.8820612960890513
DXJ.csv,22.10346910258487,-11.961823904812665,-15.007157828507836
SPY.csv,22.15205381738995,24.0210261706191,23.373536925664844
KCE.csv,22.22554001204101,-15.186542031834817,-19.465490275732662
SPYG.csv,22.291137762887697,73.53375850227826,44.47296948165108
PLD.csv,22.354005059309337,36.40318186209779,31.31594311897922
IVV.csv,22.408716476014927,23.187353219062715,23.050361958270965
VV.csv,22.438915195016893,22.940451193989382,22.919796524334195
SPTM.csv,22.488403990097588,-7.541286241479423,-9.35019295886912
IUSG.csv,22.513871345543095,42.26923843798205,32.69218777420099
IWB.csv,22.577954828205268,23.10101961125892,23.05948951283369
HMY.csv,22.632366734073265,-586.2578001272584,67.72276044663025
CHE.csv,22.91583860659009,17.941734757022868,19.52569974272522
SPXL.csv,23.04602347346261,44.4700340831524,33.597382097887866
XMMO.csv,23.156331163906536,-11.564549919544984,-14.52675304006518
PIPR.csv,23.17151074255004,46.59822447348817,34.984259034019026
GLD.csv,23.17312353260785,54.69646005951272,38.39763163758074
EQWL.csv,23.1921983997032,-3.490496189429246,-4.341927651192034
VTI.csv,23.2056886855515,22.951340853916115,23.209071598914186
FTC.csv,23.236458383791945,-13.046992795827448,-16.449098076018224
VIG.csv,23.24539077820633,24.105869811204517,24.039759991083077
ITOT.csv,23.25593196297915,56.48492685880274,38.85237376400939
IWV.csv,23.319919390032474,23.262399699034464,23.45827105138965
UNH.csv,23.61833776105037,16.51164518081563,18.638490197561232
VCR.csv,23.66998174466917,17.686244094621696,19.919237435740943
ASX.csv,23.69705685273124,-55.23750737945521,-129.19631898282523
UGA.csv,23.961360817286007,88.3847065858681,42.02255035689427
GS.csv,24.15318558525877,43.40742792575678,33.667161273898486
AON.csv,24.161100565047967,23.533174925403564,24.09528988937212
BRKA.csv,24.258289404414025,24.426080532073797,24.44986452577238
PKW.csv,24.300678267138338,-19.344402626694187,-25.14931408626039
GRMN.csv,24.3155309006907,32.02714751046044,29.37692254568775
EPS.csv,24.316371289001545,-9.8900229971259,-12.31042906589582
PWB.csv,24.3269333677448,18.30659753090561,20.66528987606505
MS.csv,24.39395747112406,38.81861174255474,32.833365031223934
CASH.csv,24.4738832166888,-4.773704456800768,-5.942756535935621
FTCS.csv,24.64691329729745,-19.23346586940333,-24.60817086692672
IAU.csv,24.652414502481975,-125.76099916667798,82.37793916580073
PPA.csv,24.79122740119723,20.82493949012083,22.435603298774
FXZ.csv,24.841281791708152,29.44327039126019,27.6013113810848
USD.csv,24.850570337687465,-16.60751903886101,-23.843821416977438
IBN.csv,24.86372894883672,79.4100926237065,49.93538728408137
CBRE.csv,24.887669626531206,23.503431633079565,24.0705885087899
EVX.csv,24.92006806526281,-1.6124378885386788,-2.099176045050722
FXR.csv,24.950411888577584,-31.12818977832384,-43.93456562475424
TECL.csv,24.980297802879885,32.62760807075079,29.37841758586966
IAI.csv,25.01672541329152,29.976212664432733,27.988565087746256
QCLN.csv,25.050193481968805,-22.36039054780113,-31.489931588971803
JEF.csv,25.19525730951798,139.69500087010564,53.50104321296728
FAD.csv,25.208162607477306,-4.643985077020049,-5.753320909822235
BRKB.csv,25.26759503643159,188.46414763062705,79.22741002671688
XME.csv,25.272199934012185,117.05438948463346,51.69808073639971
RESP.csv,25.310121637542437,-3.4813681364651536,-4.330477915934759
IVE.csv,25.36713814296601,29.42301772097906,27.79499647570345
VIS.csv,25.408076706382023,26.351797752725496,26.03585200960645
SPYV.csv,25.43459728547811,-21.057340665318755,-27.411204615039807
IUSV.csv,25.498854208627293,148.0538687298509,64.21057123758102
EVR.csv,25.5169645351212,24.03818462047241,24.34076047277393
BLK.csv,25.5496980158594,32.049219537198105,29.572317544412662
PFM.csv,25.564587819749192,26.7936505124567,26.55877920796132
XSVM.csv,25.581999083372327,30.999721988222444,28.755140328506165
VOT.csv,25.59624744501857,21.570679936818816,23.25705105868474
EGP.csv,25.59954095524496,31.80215298062632,29.711044972610825
PIO.csv,25.72583510202093,42.77809002255921,34.73449365414407
DHT.csv,25.765253274996585,59.32216135493568,63.578830903261306
SMOG.csv,25.833434975775013,-96.0234752654452,-239.28157424892436
TOK.csv,25.97726913301841,-4.698158629324802,-5.816151214860021
KNCT.csv,26.008315142796008,-4.404959461571852,-5.460799364721213
SOL.csv,26.113574180129746,62.18422697204976,47.48498634617446
FEX.csv,26.197491779027832,-13.042709660979249,-16.379839468897256
CNS.csv,26.366179420341027,31.56353814128634,29.48129209247877
XLI.csv,26.442460740798257,26.54813615921204,26.541861616280897
SLM.csv,26.462741891475016,59.00186284404065,43.15900171330818
PDP.csv,26.541325715026787,21.798518475207683,23.82901111657685
IYH.csv,26.55638159184109,18.87926982669008,21.41408838051828
XLV.csv,26.55975030523317,19.279449360320896,21.753468307145383
SLX.csv,26.60583977830079,78.10749897491917,47.13044799903704
SONY.csv,26.62547506549713,39.54195162604172,34.434944178187564
PBJ.csv,26.681954950839216,25.35299074015157,25.93541190115532
RLI.csv,26.687291645014916,74.61087904205209,46.29953102393413
FR.csv,26.706648195090256,30.09808811743732,30.44349662090324
OFG.csv,26.735790409157044,35.31884050766713,32.38939627755294
XLY.csv,27.026930757684447,17.79754786082393,20.86913323093535
FNX.csv,27.065995784260096,-26.015162976153988,-35.20096526680916
IXJ.csv,27.110796606545694,66.35407123366012,47.669786161131015
AHT.csv,27.493680201115826,33.645664269862884,41.66935827370966
PBT.csv,27.522371703956,-136.2305355482289,84.3248916313433
XSMO.csv,27.561161649766827,-4.949130801703199,-6.131087063925218
VHT.csv,27.58885221623028,18.424539885973207,21.297929631890565
GROW.csv,27.59872414392693,162.45938965014705,60.28525592971735
VO.csv,27.62714653147445,22.82251579193122,24.568186925610934
XMVM.csv,27.643843338859856,-10.417953831410228,-13.027341721497326
DDM.csv,27.896862426065447,52.7494596813162,40.58779049961996
OZK.csv,27.93628261931982,95.62223751870562,50.79157045201253
IAK.csv,27.94462568591153,32.553427733065135,30.85398708765048
EXI.csv,27.967634581884383,33.08093552516972,31.097204478957188
FXG.csv,27.98400605321041,19.468212783490028,22.0431742953462
DIA.csv,28.0479969955799,22.817143428682,24.93836906635227
OCSL.csv,28.05306605258675,-353.4576827848168,55.43398930829618
MFA.csv,28.132753165208708,82.97266386982326,45.56360532138554
AIZ.csv,28.14781666998395,30.372762773199483,29.48229105616777
IWR.csv,28.15672679224442,89.71467879930611,56.292604123511495
ACWI.csv,28.2537618202188,34.73807931508259,32.154924760476895
AX.csv,28.28289512186685,-8.493001768996852,-10.661195608042304
DGT.csv,28.435506262230007,-3.8216674938887016,-4.742959387080864
EWN.csv,28.46832024172647,45.49994683139585,37.74830974793063
EPI.csv,28.477851774549656,39.27142501429218,35.499827025430484
EWL.csv,28.55158583056625,41.547622007075326,36.23657148593475
VAW.csv,28.551978475109298,31.44952552232452,30.31440318929669
WTM.csv,28.69805252502241,25.989309961592568,26.98197711269002
XLB.csv,28.726689024794588,34.18142752008059,31.944034755425303
ICE.csv,28.739833017043523,54.31848642090716,45.37796647695576
ICLN.csv,28.758052142225857,-71.86335134473995,252.4144512776683
VT.csv,28.85524451916298,35.19338205207589,32.70990074943497
MFIN.csv,29.08997166153334,123.59671189576234,53.3378808557432
CB.csv,29.13229341529519,30.74470714819268,30.587708654372918
SNEX.csv,29.15634877490023,27.91776255758966,28.372091089838417
FAS.csv,29.16073746282597,32.81252042104832,34.42902040009384
FBIZ.csv,29.19919264971102,-2.579630167437044,-3.244861049616869
AXP.csv,29.263601620130817,24.288283884317053,25.95046645535239
ELV.csv,29.295615616280724,19.87655010638364,23.18176987829928
ECPG.csv,29.37345693752556,32.65163333188166,31.085578762377207
XOP.csv,29.443686043948023,129.6011134732626,48.25359937320594
MDYG.csv,29.45597655778762,-13.824542733180706,-17.40949741539362
MDY.csv,29.46004143519149,24.76597288922976,26.54022065325537
USL.csv,29.52214832253844,-35.34000388945882,-59.63490561296513
IJH.csv,29.63103618128286,23.40452684568098,25.83571238291661
AFL.csv,29.69722999845848,70.93805024858763,51.68817795272004
MGV.csv,29.764591273250044,28.476832701238877,28.995387347518328
HTH.csv,29.80002015279223,44.04827818293268,36.96651870964397
VDC.csv,29.804691118117816,22.361267423857512,25.24136635467685
MUFG.csv,29.886023846956697,214.3531256383044,72.1328561379543
AGO.csv,29.94957714287525,32.34706703595211,31.610637210887017
SPMD.csv,30.059919683251152,-6.544224393515195,-8.098908752706548
AOA.csv,30.130876508039936,29.83439265796805,29.94795255898098
PWV.csv,30.20850333200532,27.411645848150627,28.619936885003543
AEL.csv,30.349417669427545,28.95937562904048,29.97171666330496
VTV.csv,30.39872942408393,27.637249451064942,28.662326210007272
HIG.csv,30.423920892707635,36.07509911637971,34.958516988502424
ALL.csv,30.452811115833697,33.667053494211935,32.68972098899145
ASR.csv,30.528872278907805,27.432844178559044,28.2483922154673
IHF.csv,30.530374937688944,18.283766319985915,21.75107928923541
BANF.csv,30.55503940572902,96.08018709246934,52.14485308277792
MVV.csv,30.63969265392023,48.22425640029231,40.32336845250428
DBC.csv,30.64538834854352,-104.4781251736678,169.45680005201845
FBP.csv,30.75671810086538,53.99517995134449,60.88712257210234
EZM.csv,30.7954449151781,-18.80823265587305,-24.28346492626028
IYM.csv,30.805865317632836,35.42280507781948,33.53689414384947
VXF.csv,30.886988696976267,23.86994818989958,26.447549896561164
MDYV.csv,31.044291111944805,-4.222683557954804,-5.235444333483339
CET.csv,31.049523391796736,-43.17405970658543,-63.38017659121833
DFS.csv,31.07266540940676,22.85391254312413,25.829443276026307
PNFP.csv,31.14345805417635,51.13105771307436,41.345297725576565
VB.csv,31.154572032988572,24.64390290437958,26.907599984613658
OCN.csv,31.16267511147713,3499.588553293006,54.328736311533646
NNI.csv,31.171383223477207,28.96521952220108,29.81917087733661
FXH.csv,31.174742960436262,16.261655439339886,20.00288923629303
CNO.csv,31.317880730376107,31.14551843088575,31.805262478085783
SRV.csv,31.382541350005425,58.22105869534072,44.6101053945447
RXI.csv,31.386918210495924,-19.25217110987633,-24.676576003891302
XRT.csv,31.408129383272627,39.15672934227282,35.71803627193568
FYX.csv,31.42473550931582,-15.35793064786582,-19.53402871844565
UGL.csv,31.51855031129889,72.63032849351885,51.36717886375092
XLP.csv,31.571500078007222,24.36161475834175,27.262674199864996
CUBE.csv,31.86899555618317,23.307843929027896,25.52727932308137
KIE.csv,31.888385126726508,68.210669030994,52.16715336784962
VOX.csv,31.940533806391404,43.33404123592859,37.9031385013889
MTG.csv,31.94541366124164,29.67662540181337,30.94556927220525
JPM.csv,31.95271020028525,32.01409510480118,31.816777008362227
ESGR.csv,31.98606171089948,33.57610082712913,33.08593111918435
WAL.csv,32.07640674537917,29.823687183911133,31.348167971833057
VBK.csv,32.09533381226707,22.622973229344748,25.80522627686232
QCRH.csv,32.14514903750718,-3.602399902234693,-4.483537374821594
TZA.csv,32.17144267542457,43.56436616696183,39.12942002665172
WPRT.csv,32.188523311641994,122.9803366346697,52.17719779429976
CODI.csv,32.27997243084814,95.6100281974378,54.32206284371806
SIGI.csv,32.32493327719357,32.21924227798338,32.68910179527075
PFG.csv,32.37496886960829,43.61973578698231,39.44834907071098
PXJ.csv,32.506403302657375,-338.87134943900185,59.739546822150814
TECS.csv,32.51308404686078,40.851547414449314,39.38253020230221
EWW.csv,32.54704604392228,77.44077404713853,50.81115281827809
PSP.csv,32.61337188788164,64.71650035327922,50.49167511116578
TRV.csv,32.62811112976758,27.73111404807567,30.198782892924537
IYT.csv,32.66836212667984,30.050055238492057,31.003719137048357
IWD.csv,32.73914687976565,29.548853819454543,30.79332481348977
EWC.csv,32.74346366168572,64.53811855611706,47.62418253148107
IEO.csv,32.93152033934691,69.45062161467096,47.52257771087536
VOE.csv,33.00778675304515,24.67613902495694,27.404461127971317
EG.csv,33.062555289093254,26.43544117311289,29.711973353682165
VBR.csv,33.13343003420742,27.782665264620185,29.7700111456636
XES.csv,33.167948825015266,-703.4537244714022,58.288091616923694
IWS.csv,33.18146887900931,25.96837208332021,28.56138911813401
GAM.csv,33.18508000065393,49.29588434051636,41.42675163947551
PSA.csv,33.20967088480291,31.80825991796238,32.88435600387503
GHI.csv,33.27482734759262,100.22392917783267,52.27348796992956
MXI.csv,33.307155636782724,58.687939348817885,46.792481627400086
CHCO.csv,33.46340608952138,41.05785074526024,38.044945302798176
FAZ.csv,33.57645329154206,38.38004831319081,36.57253075608477
SBR.csv,33.63572264900498,155.30725053896535,60.58096663692453
BPOP.csv,33.662824196175606,44.09234877334138,49.63447726301111
XLF.csv,33.67308789559447,43.56131493412622,39.676603374059376
BBVA.csv,33.690333751242896,-1033.4118676697765,107.23317124907646
SLF.csv,33.71073382386928,59.91130704185691,48.754077867621874
RDN.csv,33.71724783444942,29.190698746934785,30.771743375147253
AIG.csv,33.73224569144346,44.34044563371094,51.46139486106227
FXD.csv,33.755505053430994,-15.46669907098304,-19.620747410602306
HAP.csv,33.783555783885234,-27.187807228425957,-36.30342116268466
PXE.csv,33.79212154348057,77.5849913315355,49.94316242134103
IXP.csv,33.83258806788824,254.73381812661077,70.89942050709124
RHP.csv,33.90505724319821,25.60048704431629,28.97164458771584
AOR.csv,33.91516279167472,30.735483548688947,31.93706107135377
NRIM.csv,33.924916863946066,-19.752897941326506,-26.373422839685077
FTA.csv,33.97622997175705,-22.751589674236847,-29.623789552982604
HCI.csv,34.07865610941228,-7.826799097285973,-9.763235544892984
FXO.csv,34.085473182119586,-30.540616391696005,-42.37873408271812
SLYG.csv,34.12259744248736,-28.6174975414768,-38.72970346499789
UCO.csv,34.123873597941184,44.331313718846864,41.962993701530166
IYG.csv,34.16624501793514,35.96266523326473,35.12201202588314
IJR.csv,34.19384648928779,48.79351849629212,42.51475670087995
UYG.csv,34.210483025861805,44.75498022756429,49.64036222812061
MHLD.csv,34.21542210219962,241.331034829358,63.68468328464037
FNF.csv,34.25033669710262,45.77958130987224,40.91313675797734
NLR.csv,34.2934377900321,-3.753518625365274,-4.658907509000085
SF.csv,34.32550363475922,102.3204307978062,58.99078221429088
COF.csv,34.32614884438334,39.16046164037404,37.08261413172618
FPX.csv,34.3445062104924,-6.597093278459931,-8.161344635547165
VYM.csv,34.40076829590633,26.309451784135547,29.097569769897504
SCO.csv,34.43726318876492,47.842301348696985,42.13412273042643
FDN.csv,34.453809080160795,14.995076671528452,19.58379999805552
USO.csv,34.46227260405216,-66.88117769982975,66.77189477550598
GL.csv,34.477108293301335,48.220841454097645,42.3332880614934
ERX.csv,34.548450157905414,84.2830916300438,55.1476589149426
TRST.csv,34.56891595924486,345.97707972585687,59.33754774252712
SAFE.csv,34.621539420039895,31.94396977405997,36.135292438033694
VFH.csv,34.74648944348217,35.305683600950005,34.972089925335844
PFBC.csv,34.9636354996094,-19.48615391374203,-25.049246549101746
SCHW.csv,35.03727682558488,35.157126708326444,35.222558149620546
EWQ.csv,35.0498524433476,75.23742532383164,55.26246630651701
DBO.csv,35.14320895711519,-95.14753996306904,230.55282362365864
FVD.csv,35.15530239945845,22.34840416481629,26.62051599321381
ABCB.csv,35.170733539017306,35.23214733724105,35.115061870000694
HUM.csv,35.24706284349098,19.65627521967662,23.66960585583674
DIG.csv,35.25627482587553,95.95422223697256,56.79010158186031
EWT.csv,35.27262680939136,32.23730897319002,33.8791717327523
DB.csv,35.34730610915821,-127.68239069905678,261.88027402006327
OPY.csv,35.428866648621245,42.49880393208209,40.22396632960911
VHC.csv,35.430760465075274,-63.91861982889807,82.41256981717873
DBP.csv,35.44246810697414,-40.02697323565675,-55.583625110242174
KRG.csv,35.49523608885089,47.77729388234517,47.43652721170928
EFG.csv,35.63628659724227,51.3266474315045,44.84869146691724
CUZ.csv,35.69992788165851,351.4233150380458,62.97356222172117
RY.csv,35.712474099495644,34.232780581798984,34.58664808362898
CI.csv,35.73087777247524,17.200914183861787,21.28338635477833
SLYV.csv,35.77555450553922,65.57047365899882,50.555889852848495
EES.csv,35.824814600781735,61.99538705906286,49.83711737651951
MET.csv,35.99291914941987,67.65230831978337,53.12218204366147
LKFN.csv,36.0121126498406,46.69414254842381,41.915459833975184
ASA.csv,36.049663323714526,-89.53320112165878,978.4597192190532
EWBC.csv,36.06142264353866,36.2080923544253,35.955443403397815
BRT.csv,36.20066502214148,-5.901486058662699,-7.32599647303245
JNK.csv,36.29680280691492,155.3363441448843,60.55757142107496
AMNB.csv,36.44645729967132,47.89327491417921,42.3594924565558
PTMN.csv,36.534234371528896,81.68704601698455,58.32282876856424
IDHQ.csv,36.55215192401817,-3.468280573157494,-4.311919278595889
CRT.csv,36.58047257093725,-157.57885259436054,110.42593041450544
IWM.csv,36.58424507402336,28.187380281151203,30.96855801205044
L.csv,36.6184294236468,52.705316472523705,45.5680203784496
IBOC.csv,36.62590354107627,51.10308482581336,44.87923713218325
PBD.csv,36.63845213279821,426.12023528697387,84.12104382968792
SMBC.csv,36.654753375800496,-1.968577514744902,-2.515651754234137
DBE.csv,36.7810756573331,-170.1569481922051,145.8428333996366
IBKR.csv,36.82565403219546,30.191126339077694,32.85243066169712
MFC.csv,36.926888382497815,123.53116727721664,70.86585858982355
FDM.csv,37.15333137388542,-19.41129394524069,-24.947693341780266
BMO.csv,37.17613454056322,30.818575378785063,33.095089014288185
FEZ.csv,37.23499320590717,140.49530108148986,75.42918086953128
SDY.csv,37.27362592112456,28.872505028314134,32.096109304128944
FAN.csv,37.28324923346104,223.5439033398416,83.78308241633927
EWX.csv,37.28510285697944,-18.661193077521755,-23.56678920733759
GAIN.csv,37.3791287323901,45.48778411688427,43.50341808060589
DON.csv,37.66870486198688,84.2933310199665,61.25280301189678
NWLI.csv,37.696531002423335,-19.512766516896814,-25.95702675005385
RNR.csv,37.73329434408786,26.87957873607275,31.98364084407134
SLV.csv,37.84585032771293,69.4243931463233,53.83782457285896
SYBT.csv,37.91087857957109,71.90877572645373,53.518789424842176
SMMF.csv,37.91125949048885,-2.546215597107185,-3.2036412866775814
PXI.csv,37.98224697811114,-45.96313509985994,-84.32890998295989
PRK.csv,38.01987619039226,72.6486936842502,54.17105074981375
IWO.csv,38.10243287194748,24.55984049989688,29.13433379465632
AMG.csv,38.13932784958623,39.45250588131592,38.88694408593108
DX.csv,38.161630243844655,-1922.0745320962312,68.69091153490079
ADX.csv,38.32964388890141,48.31147708208355,44.0757775244177
RJF.csv,38.468348932506,27.27806937622848,30.53020998456339
HOMB.csv,38.483038335975856,169.90965610424973,76.53685872002004
PIZ.csv,38.52337978209819,-21.995564539664453,-28.19533842239022
IGE.csv,38.62852436592817,121.34460576483605,65.89216625799493
FCFS.csv,38.667185948113485,27.412002764903704,30.69430147415747
UNM.csv,38.70089001837374,51.44409778084564,45.4011908416832
GSG.csv,38.85436383723104,-64.30466759060685,-12390.61637937077
TYG.csv,38.92891845289321,80.4906187307101,57.608800824050014
MAA.csv,38.95544238148575,31.69742582508963,34.37965298155857
ABR.csv,39.012977661695295,33.21525711259864,34.76499688803503
HTGC.csv,39.13418066622639,61.90912321453557,50.83046733482394
NYMT.csv,39.30211877895942,-12.034301717621444,-17.02924099237855
CRDA.csv,39.40412824990118,-32.53280861399029,-47.495928567819824
KXI.csv,39.45484565077293,136.62744758426524,82.33788278757574
VDE.csv,39.48151473403669,103.16897699743674,60.92465222183535
MXF.csv,39.512825368185965,257.6437996967367,86.97719915072402
ORI.csv,39.6130653048293,47.07876083856763,44.72997214744121
WOOD.csv,39.62156022306752,37.958715489672215,38.605873345043655
UNTY.csv,39.62752001985717,-2.5603339234983507,-3.2216041718247084
IWN.csv,39.7899151254673,33.85372870059182,36.0417030999574
GNW.csv,39.79690697099472,39.514934420961175,39.58123044979785
ACR.csv,39.84358201371726,46.85982280602023,44.01539211692946
FFA.csv,40.14882327531903,58.06570164824648,48.9313745995165
GDX.csv,40.180734567907216,211.02417020168843,87.04730290478349
EWI.csv,40.189280497943926,60.67691838804746,56.07292770216283
JLL.csv,40.24036589355431,28.206956698780505,31.409472121896645
EWD.csv,40.25379659890286,47.22798465066159,45.23716134256286
IEV.csv,40.384608313890105,75.71305214053633,59.20225509508442
UHAL.csv,40.41227311889684,19.69724066219421,48.73563104464138
SPEU.csv,40.53147202853135,-13.570208802482648,-16.924432221213557
GLAD.csv,40.6220492605795,98.2389924876432,67.19113548724869
KIM.csv,40.82272076829817,121.12831870628509,71.5228817956478
IBB.csv,40.86943950718273,50.246735383618926,51.25790705058181
IXG.csv,40.903005532070175,50.62859122090824,46.96923707118088
TNA.csv,40.9303301334392,41.294103597635136,41.10159965093912
STEW.csv,40.95267677357873,29.869836294031067,33.386355634049885
QLD.csv,41.3327230219476,34.82993840442154,37.39791415129345
CSQ.csv,41.3600449169463,46.959091369639104,44.98217205640044
SKT.csv,41.40026613921152,-3055.9084458629995,94.32626670249412
BRW.csv,41.42699292079338,71.56312057109008,57.01001155629433
FITB.csv,41.45025510723134,35.74916678481773,37.11005039284268
WRLD.csv,41.52284168498005,27.441086206200936,31.54682821840393
MOO.csv,41.54681227192686,37.69946029130677,38.99226154755148
XLE.csv,41.5510765876727,90.6727360060759,60.14895697262297
BLX.csv,41.55126103230948,75.27163465409353,58.22839435068455
PBE.csv,41.64341595749689,26.26590692281954,30.13953648214864
EZU.csv,41.78200968347579,91.3569901518871,66.59121194410643
NLY.csv,41.78221452821376,-159.32799481372567,81.66484524650137
FUND.csv,41.81831097526882,84.39920762432443,60.176253856357135
RF.csv,41.85296553232804,46.84827659035803,45.0411592689708
RGLD.csv,41.90705606697176,46.15172157333027,45.04020274382476
FXN.csv,41.922145478205,109.65871985769692,65.80335493548121
ERY.csv,41.959282979324776,35.871341239492175,40.16247299627217
XIN.csv,41.99350492705316,50.12821036107093,60.30693712272711
BKT.csv,42.04715769835976,-742.9756283639992,74.14424959948896
CII.csv,42.25840200479162,81.32180612061296,59.98454983855076
ING.csv,42.29207537095566,62.31241091751415,54.97674478303648
IWC.csv,42.33986713031034,29.2812191719502,33.13933282939178
STC.csv,42.42778215056661,45.81235143332944,44.50445268252447
VGK.csv,42.448037776870095,75.36592835374091,60.7128944619455
HWC.csv,42.616607361978325,171.01374998909057,75.99187144769108
MKL.csv,42.68162719954676,25.638471313804256,30.37569270107961
CACC.csv,42.8369986178124,14.788232993463216,19.983725583291328
AOM.csv,42.87213938606613,36.08205730438095,38.2397470802947
DBA.csv,42.94256900314614,-70.75859966672506,-430.3516094895631
PEO.csv,43.10945892402738,-391.98038155757655,115.06220758860714
SEIC.csv,43.16266109614645,30.419923279140203,33.92191144503039
PEY.csv,43.1684165156383,33.51956283985005,36.89654016658732
IDGT.csv,43.22363628738343,28.698002818397786,32.80069230302176
FNB.csv,43.32036222333728,167.94271956180478,80.84750061765749
IHE.csv,43.32164429594273,22.43157851622009,26.505254740997227
PBW.csv,43.37949459205816,55.977687462626,57.52924091970112
SSB.csv,43.48988878913536,46.99817193234066,45.57237235989479
WTFC.csv,43.49550197621735,31.727982835664616,35.175989024491884
RBCAA.csv,43.49917665885217,56.69739040954113,50.66281408706956
FDL.csv,43.49963787550398,29.85590117623434,34.36742822985534
AMT.csv,43.58112994379561,18.656209984858485,24.47322679041195
IYE.csv,43.62749473537552,115.08653978524816,67.258531962926
PSI.csv,43.71513247352702,-10.629211963651054,-13.363728683298076
MBWM.csv,43.98345262579727,-40.67223191826413,-59.01658464370134
SUI.csv,44.078252613501256,19.436888098789527,24.277078658732677
VEA.csv,44.27103244652621,64.16586438911855,55.94699327399262
DVY.csv,44.2894358870259,27.91688026502107,33.75634027014975
GGME.csv,44.29584491348338,21.043455304691463,26.563837789885724
SPDW.csv,44.71391299392826,59.58197876289999,53.73943442695498
ROM.csv,44.72957731020094,-94.99396147582492,-488.587803080249
CINF.csv,44.75704245312473,28.73407516509486,35.41574776031858
EFA.csv,45.04698893128671,69.30945156918118,58.98847425941471
UMBF.csv,45.338446233238045,71.93787371881668,58.195779247835375
FXF.csv,45.55018864576032,198.15165091197716,114.73437734272606
TUR.csv,45.59227647515952,110.65602363460326,75.64284728597468
HCN.csv,45.62078318432063,46.39743156840574,47.87327715503098
TSBK.csv,45.67112556725717,-3.697029385504356,-4.596285816216609
UCBI.csv,45.68763784717525,53.42540209418958,56.64610577620656
UMH.csv,45.81082198875097,41.44261706161748,44.57543706627124
BAC.csv,45.900397549470426,44.47374012851213,45.101603300874814
PID.csv,45.97256084038224,67.37446538888771,57.05345161628771
AFG.csv,46.00877395140243,22.838375848543382,30.714095614256298
EWJ.csv,46.21041386940489,44.62548716255526,50.49776978230772
MKTX.csv,46.38008557486076,15.28786677282834,19.506470225549595
TCBI.csv,46.40564301451471,28.47835249345809,33.96758801210616
SRCE.csv,46.92391344336043,48.13047275042948,47.105526645553525
STRS.csv,46.96012234919744,-2.5060068037281558,-3.156795675704544
ILCG.csv,47.03472243590055,18.43335153702128,52.98617881701655
CATY.csv,47.29606659177984,54.3936218015638,51.57078189822049
DHS.csv,47.60089608870359,30.193371268831925,35.005184993319055
DES.csv,47.60942675094666,138.00945069014634,87.04512292409007
SSG.csv,47.61707236920125,-5.190927787560872,-6.672254034412611
SPXS.csv,47.88672836731859,45.43088524502232,48.87097479246136
BHB.csv,47.960105929708895,-9.199327126728502,-11.48217227386494
PXF.csv,48.07849258828891,65.45395191116455,58.73062692661696
IXC.csv,48.08967051549225,167.71258352052806,81.29109924967274
JPXN.csv,48.222519665510326,-7.216525975076157,-8.899042430427404
SAR.csv,48.319285998533424,-9.33331690983574,-11.583995737579922
FHI.csv,48.4813937681773,54.6506261119643,52.90737858617478
PNC.csv,48.49989047084812,37.617518688535775,40.1860979304684
EOI.csv,48.61374235990829,137.67067976604682,80.81187245287755
DLR.csv,48.680632324883774,28.26850501011625,33.58426393428799
SITC.csv,48.8039630681402,42.30106938479093,44.14002174497162
ARCC.csv,48.93866275923701,36.89680175196768,40.66224930994304
AGQ.csv,49.13736102487962,42.4676077400983,45.9343275852912
PLUS.csv,49.162045349263344,-27.12902684989909,-36.88324492204893
TD.csv,49.20740285114422,56.99785760013634,53.74354550047175
URE.csv,49.262290402051775,34.947816665301644,39.3065678303261
EOS.csv,49.33748034094496,69.65998986804318,60.25266976707318
FBT.csv,49.51731772048388,19.40487984578325,24.033111839735334
ERTH.csv,49.74514662498582,-28.84510446602628,-38.09810293433982
AUB.csv,49.77013288902922,68.4134782909303,59.5054851778109
AEG.csv,50.01553346445422,94.59920262979831,75.11506054385106
SCD.csv,50.21143095535232,66.42064189517963,57.79262040595548
EWA.csv,50.21820817304849,63.943918447795554,58.81536496790429
CCBG.csv,50.3011047336275,100.9386392094037,74.93801068947177
PIE.csv,50.50854788261704,49.23807386235645,49.31620679430044
FCF.csv,50.801060091783626,86.82394869811775,69.86362619707698
VEU.csv,50.823983997271895,60.63940422924562,57.1152863813897
SNV.csv,50.963462348462926,45.79656914257615,50.985469775883
PRU.csv,50.97261278300769,35.99314215942216,39.38389954603301
MAIN.csv,51.03361539316004,-59.84199031036651,-97.11350645360515
IEUS.csv,51.05384635935506,-5.280513633125813,-6.522113068280534
TCBK.csv,51.08189905347268,59.7043745539171,56.33079935247567
IBCP.csv,51.18151892551767,41.195804383017794,48.01666088822452
AIVL.csv,51.297039861192026,27.744361838925016,34.075085527119136
DRH.csv,51.333925400590886,45.91728457957452,49.21581099489479
SOR.csv,51.42005888444946,88.60103939990351,72.75602183205483
BJK.csv,51.64905098612803,-9.99102952003728,-12.398038134457051
CNOB.csv,51.86889875011618,-19.41726099875361,-25.323145442827407
AMX.csv,52.05217907185724,-311.957833274048,238.57331529263308
IYR.csv,52.19076667718513,38.60126122529557,42.82225689807228
REW.csv,52.30452217082243,-4.168918394634397,-5.255478345167808
DXD.csv,52.31511214435312,65.15902830734554,59.93204902584388
GSBC.csv,52.34329212680747,26.771069882587827,31.58442867418205
ARR.csv,52.35102625134203,-6.966062211371288,-9.009943054440717
PTF.csv,52.45745361228599,-10.52291122555545,-13.17185584567471
FRI.csv,52.59480611922825,34.31889721944564,39.493095314507954
NRT.csv,52.731458999484616,-68.0358544871465,694.7140555536677
ACWX.csv,52.77571464211697,63.897379658604976,59.9776898933531
CVCY.csv,52.99905537946557,-3.0571902960550026,-3.818500903564257
PJP.csv,53.031099372995264,19.781968693615102,25.197622614265796
TY.csv,53.087931357022825,26.963706714750906,33.43197414997386
CFR.csv,53.16620557458141,46.53979741987833,49.57723277427281
USRT.csv,53.284382659963775,40.04068886806428,44.33870993244311
VLY.csv,53.38370366875319,-138.10493782967995,280.1315928258601
ETG.csv,53.46061695485609,80.24769352918656,65.91268774198674
WSFS.csv,53.55918547463848,77.6008595730476,67.00591014740361
STT.csv,53.883220927538645,46.77629245876685,48.515837441442685
ETO.csv,53.95782775993523,74.78083926497162,63.96439512244706
DBB.csv,54.02411347516843,76.56590974612809,69.74793416455836
XBI.csv,54.214435440606096,50.43383458394152,51.14553265096701
EUO.csv,54.32425003790842,99.30490979739524,78.08503342426127
PSR.csv,54.44496830815857,-2.743999567953534,-3.436927817321616
TOWN.csv,54.50194858281002,96.56777635172456,75.67153949318751
SFST.csv,54.51724292269689,-2.0824441147134927,-2.6496101285170224
RMT.csv,54.70063059470329,74.42896659194093,64.90667327999547
RYN.csv,55.07176460832436,120.47405420724458,85.49316161858115
AOK.csv,55.155935908467335,-16.033579861732917,-19.77289115219129
KBE.csv,55.18115623660556,49.55275604390206,50.97081764497741
XLU.csv,55.3558152897229,34.305908206608486,42.76510296996703
MCI.csv,55.38303626511821,250.90285533577952,109.38584866650255
HST.csv,55.4027380750597,40.587383571586805,44.92091588787583
WAFD.csv,55.49495986931293,45.73859439024466,48.87988364017053
UPW.csv,55.49708989621644,-4.89764545724872,-6.065091024591572
CDP.csv,55.59814650236732,316.19995575076587,121.82965592921748
JXI.csv,55.66416177899096,147.91070493108157,92.72583095125428
SJT.csv,55.67069915460778,-52.29689071314485,-367.4434756692745
LXP.csv,55.773484153908754,47.19500035579324,50.20634702233114
RPT.csv,55.7980297585643,45.29678269740536,50.15139988344321
PGC.csv,56.05228983250834,-28.83201768501652,-39.55927273289647
REZ.csv,56.26791792704303,34.03876226320551,39.912605685319576
VNQ.csv,56.60692835372678,38.45996208090406,43.50600192265803
CSWC.csv,56.692965983771984,-37.6235216694848,-53.73373045850202
BCBP.csv,56.814731858743926,-3.2454619075437656,-4.044341481408743
RVT.csv,56.884777473252704,65.02354202114991,60.8441913650169
RQI.csv,56.93206581426282,34.967601409880245,40.62773758833831
SCZ.csv,57.023997101905,34.721669316487706,40.18677224598415
SWZ.csv,57.05639226374468,-102.49602004446167,-833.3072363125788
VPL.csv,57.123467925537945,59.63713990160453,58.76279871688714
BOKF.csv,57.16031148267308,45.19996327364982,50.13772230047529
UBSI.csv,57.22744420716721,104.40810374117672,78.74739296860751
IEZ.csv,57.50986833040698,262.0474571626505,102.11220789984353
IGF.csv,57.57368379396376,66.52946878511764,62.96289141375017
GLRE.csv,57.58755749142789,-309.3273002742287,147.80280440868555
RGA.csv,57.69097340576417,26.63162806669899,35.80802694764065
OSBC.csv,57.84959174560443,-88.60256023065604,-159.5880151462953
STCN.csv,57.8570134821945,96.00476744138558,89.146950341342
DGS.csv,57.8998480056632,44.48882697074403,47.76818647225332
EFSC.csv,57.90321755452428,36.676347847917576,41.40647898917562
NBTB.csv,57.92654327041676,72.53961129726828,65.86642132632213
CHY.csv,58.18338315436918,118.8173256726472,81.18732041289233
REG.csv,58.21911981857052,63.740695574841006,63.34026968172491
SDS.csv,58.242682850868526,65.80881969232998,63.27229104247999
SELF.csv,58.64676324453046,111.2030007756069,71.59689730857608
MCN.csv,58.69251256108863,243.3981935111009,103.71454555422127
FXU.csv,58.75115650127577,30.3763751055232,38.6929237031512
FHN.csv,58.85459429012615,71.88089638283577,65.9902068255057
PPBI.csv,58.864423293481664,-5.792705544866807,-7.17174722140011
EIS.csv,59.21345112288926,51.75237812143647,54.0412226201789
GII.csv,59.52709077779012,-7.352603365390739,-9.06657076714297
FBNC.csv,59.74896470419885,43.9498688183352,48.10244391458177
USA.csv,59.80412168215348,51.97253336132692,56.28584745908646
TROW.csv,59.87033917040699,35.04401704590083,41.30385878224953
NMR.csv,60.01352679398678,-371.0099974634462,292.0062880636866
PDN.csv,60.09381719260988,-22.26094859653149,-28.039686098536887
VPU.csv,60.27294599970835,31.42906685917375,41.3299291114839
AB.csv,60.56108640070533,64.41491111536102,63.15409935636775
ASG.csv,60.79272129556294,50.72362562570762,53.90468368677625
RXL.csv,60.880514659822026,-33.44620837745842,-46.0864397247355
DEW.csv,60.94872325437317,-13.618569476575985,-16.870601630807286
FCBC.csv,61.16551607371744,88.837005938736,76.16612413988497
EWO.csv,61.25372500291918,63.592811667353466,62.862907570467165
IYW.csv,61.28978096451005,18.339616610866518,31.815312936003743
CPT.csv,61.29227700414453,31.41287259579285,38.02678739514443
EWG.csv,61.32839900693087,67.83890017206275,66.08584845595719
ZION.csv,61.51060674242949,47.178897899707856,50.653962779097135
CSR.csv,61.56833817783272,52.76865156506262,61.80663612108963
IVZ.csv,61.58167936030616,74.45955837802738,69.02893759225623
CADE.csv,61.64159065244581,79.40509838798194,70.88299699645074
GDV.csv,62.08673946175401,43.7141715623929,49.94412423014543
ETY.csv,62.25129389322933,332.6396703563876,120.73684190810968
ZSL.csv,62.25908937605019,39.66908655385006,44.56419791414968
EZPW.csv,62.66093679303359,302.4884391932165,125.60852357100386
SBCF.csv,62.66359317072962,41.8896284830992,47.35136849886763
BGR.csv,62.86997652810101,-328.96703157669367,208.530532313704
GNTY.csv,62.88148218983627,148.50512754359067,71.73541919906515
WT.csv,63.04935152582494,96.12611395173656,78.07249153146651
DOL.csv,63.24630240407772,113.37546661385494,90.5079204360904
BTO.csv,63.40949614883896,40.87476927825763,49.31618067645134
NFJ.csv,63.4702053038415,-342.2955861428867,218.83247544213373
DFJ.csv,63.74445149804744,43.558753345199264,48.56936200022882
RNP.csv,63.9091022737484,30.40781908328477,38.29953643391863
MCBC.csv,64.24483895124953,34.993072202427726,39.79520330865638
CIVB.csv,64.41078774561066,-3.626399372267005,-4.507006733953533
EWK.csv,64.59712696911771,41.74612952853174,47.64689662044852
TWM.csv,64.63457710291024,72.96186560978202,70.0578516322788
MOFG.csv,64.73839864211597,-6.167286590313973,-7.631192471738724
EFV.csv,65.01775816128901,104.60275228871528,87.57056531903595
SHEL.csv,65.13303740929544,110.46517197021709,84.79215003611507
EVT.csv,65.27108753104014,48.10666856793407,53.37344684313689
WBS.csv,65.48946534902475,31.52353532687971,38.02679180251558
KRE.csv,65.76119950295268,51.43324943844604,56.08775959343842
GMF.csv,65.83461854043598,39.08977404203252,45.13133889691113
PKBK.csv,66.09266762195708,-3.5261791308744592,-4.385884270511124
GABC.csv,66.20512637253917,-23.848927159916773,-30.71878751247782
DIN.csv,66.39726253303108,26.186119374539068,35.711964547737274
DUG.csv,66.46254850034668,44.55741787055177,51.259537471687615
ARE.csv,66.95958377485816,42.43314548005088,49.33531997290161
CHI.csv,67.0619917783126,173.11918482210177,99.42402671645604
PRAA.csv,67.36718704953459,79.88457262547902,72.83734144921902
BANC.csv,67.62118481573395,-5.065645329152297,-6.273208813397496
ASB.csv,67.8664485629073,105.60101436163669,87.24322094521986
PEBO.csv,67.90207026444295,48.787355458085045,53.01573359609323
CME.csv,68.06194950956096,52.060480216694685,56.60382074971736
RWR.csv,68.29857057539725,37.78837595338612,44.95413228989477
WTBA.csv,68.31361966560034,48.4397320837538,52.69775910798188
PNNT.csv,68.42409776378075,50.51665495768065,55.09095112156154
LGI.csv,68.56663224554211,112.74290129499958,92.9545755438194
EWP.csv,68.73544274802126,641.8499326805786,184.9055519042958
BN.csv,68.78337538203161,33.339617667273764,43.19047247203879
KEY.csv,68.97931640228607,47.48775244500887,53.13003277896371
RNST.csv,69.14741072943295,46.44581343580752,51.566176839034334
BCS.csv,69.25717664951584,67.44192505167983,68.16817381108878
EBTC.csv,69.42889560559931,-7.0344869464209845,-8.71318041028409
MFIC.csv,69.4843107748782,62.00025684929973,65.24582295687337
GWX.csv,69.67264099177473,52.84544850831632,57.59840198990568
BOH.csv,69.83367423516896,55.26018988616119,61.39110424445818
HBAN.csv,69.83434395693891,45.67893441507668,50.44318487222076
FRME.csv,69.8874229537171,53.7872966907427,57.987902660948215
JCE.csv,69.94067703360072,84.42371492825315,78.88648908044041
NYCB.csv,70.01323779904965,346.9215015325453,129.3152141685623
EWY.csv,70.11821323225443,39.382744605907945,46.90012498834763
MBI.csv,70.14625496592726,37.97008925250836,45.27643410814122
MPB.csv,70.56833863100749,-1.4953399524472517,-1.964602979868893
DCOM.csv,71.18649373275237,-9.594860385348898,-11.927113662338057
NWG.csv,71.3254032279268,114.57671549869288,100.28601974607592
MFG.csv,71.32925649607111,-244.30849653829677,679.0585888358072
FNLC.csv,71.35587173267179,58.5232785482655,61.79409513763507
BMA.csv,71.44292680277607,31.33474056113368,40.9034040994916
DWM.csv,71.54184454532219,85.85583366695805,80.7415610226831
RFI.csv,71.66748740411629,60.488110944512016,65.01769715150184
XPH.csv,71.98862647508267,71.11484891910415,70.84119574890723
BK.csv,72.90531364639094,50.31956015210432,55.734740088966525
DFE.csv,73.07720906796264,-8.685770970705452,-10.711195743860936
CTBI.csv,73.07959890687366,89.88371404769283,81.92805195238603
AVB.csv,73.09238955610567,31.07670808962699,39.07579047609048
CIK.csv,73.1538000151014,90.29811645562212,82.27163902197996
ONB.csv,73.18101114788061,139.20045283941627,105.370444010651
FULT.csv,73.20854640513646,52.976701473295975,58.350204910284326
HAFC.csv,73.25753736583601,41.86644612464215,48.75224140873525
DHIL.csv,73.46049316703923,38.68007362727065,45.19402835534834
WFC.csv,73.75158771708067,52.1652088621253,56.9028956646018
GBCI.csv,73.8544555372593,40.41863500820675,48.604924192354126
EEFT.csv,73.99677885652478,19.76043406803881,27.89830505231613
GGAL.csv,75.2665834978304,21.610186581215736,30.19485693377167
NIE.csv,75.3445798071519,52.77843069344429,60.24778369968027
PB.csv,76.23292221810762,39.27537038820002,46.9272257540872
UWM.csv,76.34128931495667,35.580320429639286,45.01207018333228
AXS.csv,76.43041776477003,44.72794125145055,54.82252356498316
ADC.csv,76.4418091554985,29.42478650638037,36.626933160557954
BANR.csv,77.86286191515323,43.78079839793743,51.02949170625983
CCI.csv,77.94122565199798,18.58193828712409,26.44899138506273
PFC.csv,78.02086811028565,31.18621698728563,39.466284175171175
IAT.csv,78.1029100826321,49.5397935870701,57.35427714218644
FFBC.csv,78.40749208376323,43.4360918480352,51.57453329245463
MSB.csv,79.31829304616534,36.93763164940672,44.18471630081198
AOD.csv,79.44440168500208,102.81663801242276,97.40537458562974
CAC.csv,80.67849319256175,58.34951849354598,63.64462202247528
SCJ.csv,81.06723249237844,-10.337573972081236,-12.739195580852174
HOPE.csv,81.19280375610018,59.03696929414771,63.47497718031697
BHLB.csv,81.44284544860572,181.74895959169368,118.41908468262106
UYM.csv,82.42095920069634,33.691854921887504,43.85512498144475
UVSP.csv,82.93629420543625,386.2985965336202,162.51783496033997
CXW.csv,82.94102539068177,79.74950662998778,84.1371587638703
LBAI.csv,83.23061160412378,59.96133476359093,65.37343398556845
EPR.csv,83.462230189272,39.07013220738607,54.607245632066224
AGD.csv,83.55136953452514,91.37528710712442,91.55103125701484
IIF.csv,84.28477416740218,55.9593427128942,62.94872202317423
SPEM.csv,84.42109508027427,173.09241604717505,134.045340417938
DSI.csv,84.67954469152279,-19.05167184672241,-23.988595488225915
SSO.csv,84.80968323951176,29.834342197205217,41.74353300856603
BEN.csv,84.82249519413037,731.4667526203204,202.0828248747564
CCNE.csv,84.95322768408609,-11.670487544426956,-14.535005344265093
THFF.csv,85.82722526333117,105.7189965401614,95.07242457814412
PIN.csv,85.88570346007137,43.8275883379586,52.30658913159738
SUSA.csv,85.98644034578665,23.416065083435125,38.409299168486825
PBP.csv,86.09867653540182,117.21145698812175,100.05445909766058
ESS.csv,86.10360247084147,27.669926089917443,37.401406361356486
DSU.csv,86.20321630007216,45.21328564462013,52.006064507064565
WRB.csv,86.23063265951349,28.959642413197635,44.92253291211679
VVR.csv,86.39481205647947,55.66123841686413,68.3208916469004
BUSE.csv,86.54590759822469,60.94674095313745,67.01597701865484
SKF.csv,87.3075584685656,74.29068362145158,78.9762111389311
PEJ.csv,87.75877906768739,19.91664809570026,30.10214159652546
SPG.csv,87.77434013783959,30.078332035404348,43.016558914849874
UUP.csv,88.16879895628178,238.73724475413889,144.6464479229152
NTRS.csv,88.58001723075925,53.22019781753493,62.53393813565012
UTF.csv,88.90048313594353,40.524032751245336,52.59891001096229
EPP.csv,88.9391402389409,52.35742390202109,61.309941186118
BSRR.csv,88.96927654254284,70.17724344291375,75.0496118857193
GTY.csv,89.40820288978843,60.80804068136081,70.06813577055435
THG.csv,90.04852231312601,28.162057000404403,38.72859124662376
BME.csv,90.32185295364268,41.39035938679986,49.33671217835925
IXN.csv,90.55778337215196,19.69738689288402,38.21509357506313
LYG.csv,90.63310426202274,132.18058846025056,119.52525741783845
VWO.csv,90.78501315466754,52.87735644323628,60.606171077034666
C.csv,90.79159660230202,45.94726057182112,54.48307978217407
FRST.csv,90.96188277848132,-3.1499485084986065,-3.9274293633508175
OLP.csv,91.8473140667756,36.09480429099833,45.27330398249768
DIM.csv,91.99904872713644,-43.058525029234296,-56.09424026529237
CVBF.csv,92.00432258764268,47.32247698273768,55.95565451847141
MTB.csv,92.27609963408212,34.953267508150546,46.69054582507478
AIVI.csv,92.68329911662904,107.19776767674908,103.68133648371048
IRS.csv,93.04988611548885,33.97391635609237,47.85602406334116
AIA.csv,93.17285268470764,36.39102718709795,47.03608297286552
FDP.csv,93.34019322414252,72.19408546105181,81.1490264463593
VTR.csv,93.90516321869374,45.07485723036426,60.037044481361335
ROIC.csv,94.0580955592348,-7.942016303324239,-9.82245158775284
CMA.csv,94.3654791263512,31.440562885403505,43.154077763493625
HBNC.csv,94.75264960049098,-4.167845636811377,-5.165313376287293
UBFO.csv,95.08914546983928,-4.190792643059623,-5.194412360451103
WNEB.csv,95.1630087078714,130.91701252024154,116.77477575453068
WPC.csv,95.18228262672368,28.239147572350102,40.59862227253924
OHI.csv,97.28258580186431,36.50935041121789,51.32110960437525
TRC.csv,97.45607611958184,531.9060097016592,213.4668235385736
IWP.csv,97.87740976981156,20.739834929057523,34.780439552711734
BBAR.csv,99.04398417309837,31.741014524579693,44.14110608920888
SPXX.csv,99.2866003910613,73.38996252710203,80.11676189730673
AAXJ.csv,99.29437643134092,42.04498539567903,52.38060221643743
SAN.csv,99.3477934635176,42723.92246235431,288.10048396200045
FT.csv,99.5924430066556,39.321302180717296,54.00437911281672
TRMK.csv,100.19903785513108,64.86056403032353,73.97016842600199
IYY.csv,101.06074841106133,22.9841233600736,38.35973938067206
KB.csv,101.16202048827148,52.13228799152054,61.385646008394176
BGT.csv,101.34853466158236,55.20398608409035,65.71142147269599
DLS.csv,101.43082836467532,39.253894744410935,49.857014257909015
MZZ.csv,102.05972741764604,-5.507570069523814,-6.838957362772658
BXMX.csv,102.61931275531968,126.72113724299378,113.42087060479912
DTRE.csv,102.69048356394724,-12.097151340638211,-14.926531522052052
YCS.csv,104.29116365502958,45.36967797266552,53.31415565096756
DTH.csv,104.42998450774628,115.5034591288354,112.92333164691372
UDR.csv,105.41443617173972,31.99212511732172,41.794343482067234
SBSI.csv,105.47323033843551,62.49624635333533,72.23637023242098
CSGP.csv,105.59048561202188,16.901337680662394,29.69844997785662
NDAQ.csv,106.08028126016622,29.77171372708604,42.91710242581821
DGICA.csv,106.28237212259296,180.94631576145983,146.709895704318
EVF.csv,106.31937985657612,38.35810171069335,51.19014718034256
FRA.csv,107.1688733463025,65.16684851596928,76.78862830991277
USB.csv,107.43429639666697,46.107460802273366,57.28432161881518
BGY.csv,107.72992096444614,-88.90697463949333,-217.03689103564395
LAZ.csv,107.74378146832876,65.5077459040564,74.24163669817072
FBMS.csv,109.06705473952108,-1.696888450057174,-2.1962036528138675
WABC.csv,113.29204163522456,92.37557417024966,95.88146705110648
HSBC.csv,114.62423491064968,224.54464085305924,171.31889311399271
EEM.csv,116.00516627159098,55.23747484339101,66.15048024425208
BOE.csv,117.27086077118074,-82.81211885588458,-203.14295780866408
INDB.csv,117.60537702018884,33.65020709262288,45.26831049137319
FDD.csv,117.91528122860942,-4.9195052316383565,-6.073702134920356
BIP.csv,119.41020612311289,31.207141853342964,44.68367190756528
IYJ.csv,120.84478732602156,24.557661279034644,39.84859755492799
BLW.csv,122.91045088282851,79.20596855458349,90.7864356188235
FGD.csv,122.98279789405436,-11.335139227030217,-13.972027070878354
PGJ.csv,124.68447706077411,40.38971160578146,59.74324574460602
CNA.csv,125.00513143729388,34.820317614052186,45.327028154576674
HTBK.csv,125.17366157794784,-19.60861646852185,-24.82827378792448
BFS.csv,125.92435923739198,73.38156352421503,92.31207896042436
EXG.csv,126.24668249707712,-273.02809838878034,824.3035331305571
NFBK.csv,126.36069359256898,74.36179581915644,88.52800954435858
NNN.csv,127.14758532649836,28.96579658812239,43.16313038803554
SASR.csv,127.63214248481582,55.302034755635184,68.3535168596232
EWZ.csv,128.3340223410208,90.0337800265911,94.5242662855893
GAB.csv,128.37662727082906,71.32564628038347,83.46183530173253
FOF.csv,130.03029139152866,95.3275268151927,105.49347944971537
FISI.csv,130.07137135100558,45.95068901882093,58.08854528285598
CZNC.csv,130.4257793981521,60.10042843602047,74.45490512692575
EQR.csv,130.936389699816,37.44650300254459,49.49078056269683
EVBN.csv,131.4267384621028,-1.9168554175114,-2.452923642480888
CBSH.csv,131.81964258810552,69.4951022517431,85.3639173441445
FRT.csv,132.28427231144596,40.68487668374273,58.36170056697926
RVSB.csv,133.1441016771164,-10.012375153550868,-12.388837040109758
TFC.csv,133.96117538976262,51.13766715636127,66.56227439985783
HTLF.csv,134.2963798209999,40.95267977598549,53.30557837684832
EDC.csv,136.69365838456466,36.44661712178267,43.9489576446712
EIG.csv,136.95417390451402,34.242979158814705,45.62740329086128
DEM.csv,137.01873648827203,82.35227706191877,94.33185426318248
RWO.csv,137.03232983202744,44.49421865447939,58.707534297278656
GGN.csv,138.579827640679,-41.72402669318479,-78.74165451500552
RDOG.csv,138.9307961918864,-6.345043412942497,-7.819969095792847
O.csv,139.1939154383434,30.14043723091507,43.14542395122065
JRS.csv,140.30822132975348,52.24481589027683,68.1801353530105
NXP.csv,140.8334808687806,239.76005425196777,165.57035961267977
HYT.csv,140.90719705921452,51.67680749552491,69.58629767909254
DWX.csv,141.56350460050913,161.40467758318627,157.38756258803684
GRX.csv,143.35336218162354,38.16185160485547,52.05321331481122
BKCC.csv,144.7128863345917,8347.00959886054,317.10792699509454
BNS.csv,145.14331557279002,42.51714084364708,56.70338172355783
PSEC.csv,147.7876977363546,-189.2587967584497,-912.800741345916
DHC.csv,149.76629592177295,369.7155109496011,229.37246548760328
IJJ.csv,150.6988160858075,27.365196405398645,45.10835292045247
ILF.csv,151.4624228852013,83.70813651972819,94.4683729558594
STBA.csv,151.501308530545,79.64757354799691,93.21600455403043
PHB.csv,152.92749677621748,116.52086377166954,126.54757344317966
PST.csv,154.73589073396906,-24.655949244431085,-43.68724683360898
QID.csv,155.61243494209262,48.07766349242245,59.79623037455445
KYN.csv,156.99248835272064,148.70467567879524,151.90337716981787
SPE.csv,158.92897672673004,-9.840418239714891,-12.11567962958014
CCL.csv,162.28116335942966,43.072298580178334,77.78649519808782
ECF.csv,166.44616878044616,38.35236080770771,61.1188657142833
AROW.csv,166.4920636071891,68.01164554598218,87.78288546664511
WSBC.csv,168.77020503933034,62.595422279263886,79.86590869379576
VRE.csv,171.0873286568582,137.4940401895954,155.56778759851662
EFR.csv,171.95095943504603,45.24168004342209,62.34245935186518
SFNC.csv,172.9082638795693,118.92866147460956,131.99756224196054
BDJ.csv,173.67426828803949,696.82908897932,295.19328827211604
RWT.csv,173.98429007470034,91.66241360396585,128.0720379217918
CBU.csv,178.36853646735574,34.885632433314555,49.07708216385729
IDV.csv,178.55859490874354,61.070594694858485,78.69222519224759
GUT.csv,178.84578805135143,165.7673351095921,172.8881200114871
SAFT.csv,180.42525936864453,35.32265913648815,51.223121516307536
CPF.csv,181.7838384050587,50.72858566889461,61.453382514343325
TBT.csv,184.9461964659708,81.4285326665097,95.98887084813693
HTD.csv,186.75924198297764,36.69580165047228,56.41101121148422
EFT.csv,187.6666661776107,45.029428332281405,64.70387502131223
FXP.csv,187.96509141902132,38.20993492064715,46.33854139242992
FXC.csv,189.37550116214325,-156.04150114422632,-350.1473847102424
BBDC.csv,193.104779060768,-42.15381239003341,-54.8423030577444
GGT.csv,198.0991987859217,54.96448719686297,84.17402545535032
IYF.csv,199.9672431245243,34.300009518422854,51.82093442837788
ETJ.csv,203.7360072979062,-33.37051281218914,-68.8313950180515
IJS.csv,210.6506769935362,28.15010890358398,47.24700393018169
IJT.csv,215.70017356909364,21.94916795260785,39.00908679251251
ELS.csv,225.45328903543637,32.52401411628429,48.91640895519705
COLB.csv,226.9224985521856,32.6175793519709,47.30400016859133
IAF.csv,228.0028978257676,-234.48081650538225,-691.7449019259082
TFSL.csv,230.50049803211917,74.17634764572743,100.93802192871637
LNC.csv,231.58104085020605,35.90255209256501,51.22958724458439
PXH.csv,232.61367752976147,63.57026602065923,80.65081729590217
SHG.csv,232.9146723421396,113.91536478660808,133.76780841837908
HMN.csv,234.4451638766848,27.19376492714065,38.32741566489077
CGO.csv,241.53547505498832,150.8426715256533,170.89954208533885
FFIC.csv,241.56474053578316,45.30426244745939,63.586240224175455
AVK.csv,243.3104220615894,124.2414362732942,152.77869719131436
AKR.csv,244.18498488544245,48.86222665150951,77.89970548728026
IGR.csv,247.810257115753,57.63125350768898,81.18206857957419
UTG.csv,262.3870562394178,31.04882818086267,47.653379074054925
NHI.csv,265.47394338418536,29.14535144152718,49.92593685499966
FXB.csv,281.8000040086291,-157.58982953983386,-276.5322402364723
GOOD.csv,283.88926614646243,41.987538317622665,64.35108905669722
ETB.csv,285.44282196807467,150.65239010373855,167.99447315000197
EZA.csv,287.97414204393624,67.38925079973279,91.98145043720449
TMP.csv,292.8296299460526,63.8082168438842,91.6575130722929
OCFC.csv,299.22924452821906,63.15912702931768,88.19448500063268
FCO.csv,307.0147069374257,-387.0496344515706,6353.759147731927
HPS.csv,319.0842955794174,65.13236073754375,93.5769125310695
HPI.csv,327.7594585978974,72.89414901535733,110.7817191780598
CNC.csv,331.8137569961926,23.989826267257016,35.69006946815737
FEN.csv,344.7662577940324,70.7628300061777,104.28861583058897
UHT.csv,352.03448255105087,42.2250346692607,70.75153749223207
IVW.csv,352.3827087919278,19.72537698184309,46.12747392347491
PFS.csv,359.83060881343283,51.2164359984877,76.47201767954097
BKF.csv,361.584565067399,60.00036937623004,81.98010794894638
FGB.csv,366.8047015164683,78.27010861821576,117.99431352632374
AMSF.csv,368.73620778628856,31.44761137019872,47.0516736783077
SLG.csv,372.1105791566732,32.75526274241579,51.03666200199257
BRKL.csv,382.290127099588,67.71222876792557,99.96580107065606
BFZ.csv,395.8635928983024,65.08068320925345,85.54506790264904
PFD.csv,399.5440548299888,43.87521145221489,66.21805960870367
BCH.csv,411.8930304643184,82.44612644775758,111.61976854121036
ITA.csv,424.643689734346,19.30333677366687,37.07824833551352
EOD.csv,429.4786405143173,-61.98817842741039,-111.43565667026448
FLC.csv,435.8864863740449,32.80755878882957,58.15349736407477
EHTH.csv,444.68267923349816,32.60830262825525,54.98302990839194
ETV.csv,446.3717679062427,78.87315312944925,115.05139857210064
LTC.csv,465.90866563573167,37.8055651352769,61.50515486934572
SVC.csv,481.5948285931911,49.624734971260914,98.25472306600278
AWF.csv,482.1829086054582,61.96163872578872,87.17596466095515
DLN.csv,501.7176925538971,25.889924548855475,51.254695762906245
PTH.csv,508.2901522312564,-31.42040326999894,-39.821540515673945
NCA.csv,511.8979890675579,161.410810445853,200.990584167182
SRS.csv,579.5459882916487,49.2092535910857,60.845006127599824
ONEQ.csv,582.0491327926718,19.13852956072306,45.39498822056376
BTA.csv,603.3464736817375,40.901019601034335,67.1676036875102
CHW.csv,611.0864361581505,115.81699112209166,158.1620636243957
HQH.csv,630.7603903332304,54.353002589129474,74.31594876015527
NRO.csv,668.7597601924002,39.7080256626555,62.97095055371648
ITM.csv,670.4610863864259,42.93373601733265,53.10380029749109
FFC.csv,682.955207715177,35.21782252489755,60.20447853084056
SUB.csv,693.0210266484847,169.7415151775397,221.16969970708715
KMPR.csv,701.2563155794164,26.958889114097342,41.30662206647676
DHY.csv,706.7277606525199,69.7748745399401,100.3485108461417
DTD.csv,785.8046332824467,26.01388701423135,51.36256346558101
PTY.csv,887.4129039370312,61.53996403302523,92.47118039757918
PUK.csv,900.1852779851096,34.10225256402613,52.14369794463512
HYB.csv,907.9771509600824,44.91427725574831,55.04682038778905
BXMT.csv,932.3016108570728,41.40861228343016,50.847990083132494
IFN.csv,982.6288069210398,102.80937494183068,138.94099676997234
HPF.csv,1029.7987620875635,66.45237182744015,106.55910151958152
HDB.csv,1033.157724797913,40.08303999199498,58.207076476253135
LQD.csv,1182.8525906599646,71.10176765462569,132.64753329146967
MUB.csv,1237.8128308528171,69.62255203260263,114.73871959662998
MFD.csv,1298.9642843246418,331.663474797069,437.5443006613461
DNL.csv,1301.4700210671847,-11.90120955873062,-14.646849205066506
IGIB.csv,1705.7087885838716,-61.35595730143536,-80.46648276535711
IMCG.csv,1883.3323579074408,-12.305107188797956,-15.195225208722457
IGA.csv,2191.6522556398904,-607.0790165157003,-1692.8540228458469
HFWA.csv,2255.1727398580665,-17.157780256332245,-21.229501217810373
CMF.csv,2663.80200995176,-94.71894583067856,-119.7940245258682
HQL.csv,3385.527514792622,48.22269508206651,69.658039379391
PDT.csv,7022.202025424599,34.632418511841266,72.54907273549748
WSBF.csv,16727.057136372638,-16.8445605720386,-20.712254270685246
MYI.csv,28753.83674940785,62.14242133661112,92.94442934789429
GXC.csv,-23809.940903003804,45.57379424664319,72.12671146688031
PHT.csv,-7269.491255828683,236.3097234246088,343.09195213216407
BCV.csv,-6109.087358499866,37.85207513662818,71.5282663892552
EGBN.csv,-5477.689572817647,-16.52241102365595,-20.450270757573044
CEV.csv,-4172.75198973598,53.68267487283889,84.5414566746804
JOF.csv,-3090.0771462047355,103.83510596698989,151.1891978374528
SHM.csv,-2838.3299935773725,49.05810698433204,60.42395319316269
ILCB.csv,-2421.902931089717,23.29231973877477,59.67647108178624
SOHO.csv,-2123.1174643720374,-23.069158390323505,-29.33316214899489
JFR.csv,-2101.6764194412704,49.98347481886024,87.51520906298128
PEAK.csv,-2007.394315359455,88.20548296520388,147.17468435924647
PCN.csv,-1603.5070147856095,75.25835901296892,119.2663614395011
ILCV.csv,-1361.7043942346793,34.22762500546985,69.24281535811915
FXA.csv,-1358.9311096411006,297.5699381585485,542.34301189412
EMF.csv,-1356.2213682387471,60.64811001159046,86.78432323192033
IGSB.csv,-1271.436714530172,-53.56922444155478,-66.73447815296592
IGPT.csv,-1242.952121117508,-17.59451991066364,-21.742881878012632
PHD.csv,-1235.2372255644848,60.87511692570899,95.31330732431798
BIL.csv,-1146.0449983696597,50.22662467243487,61.56604657217822
INSI.csv,-986.2360885731172,76.09297353198592,149.29694723151633
NYF.csv,-982.032913065018,-13.227772742088236,-16.215396606618544
MCY.csv,-966.7498287670492,90.83080570000904,173.55008565605965
CWI.csv,-932.540135277242,60.21210676776936,102.20132564182433
SMB.csv,-870.8838708705354,-36.007652809145824,-44.09807033708381
GCV.csv,-846.2602525142648,567.1569376007127,1129.3436838224384
EAD.csv,-841.1461855590376,82.36357805485544,130.7793860970188
TIP.csv,-820.2100128076297,65.65649529311618,114.891705473421
HIX.csv,-817.4417510772307,126.72880231866569,228.8530700255703
JHI.csv,-775.5765361507614,134.46266523280227,209.47540520127075
MAC.csv,-756.259103479327,38.529558250469314,70.55679345919062
GLU.csv,-685.465281655372,-37.96111674817208,-47.10331833723029
BKN.csv,-650.163902603385,44.3595063820729,80.25397663892575
NQP.csv,-624.0210575342883,55.38821803565609,96.54577909192656
BTZ.csv,-604.8518943719102,63.194713708874495,102.57020927766293
WASH.csv,-585.1484921306375,37.081020132882685,60.08582727416024
AIV.csv,-562.3394254132063,29.039530204491196,55.90567193870527
JPC.csv,-533.197859452071,40.18740295845173,73.71068802314554
HIO.csv,-531.1715938432734,147.71523140199122,273.18087372379614
AWP.csv,-517.3165513439187,77.02427745386449,132.93948327655698
MQY.csv,-514.1541391436504,74.14104630600747,120.05611404705652
PMM.csv,-512.4997208678365,57.03175560795859,107.50545838046658
WEA.csv,-493.9479316564376,66.56700829177952,112.29560102237453
PMO.csv,-492.9586889238312,54.65603193975215,115.02508169469962
HYG.csv,-483.4566591111581,133.25878433758623,248.6885065149283
NPV.csv,-470.80002632144266,221.8301484068355,446.1392755215359
PAI.csv,-460.156271149338,71.07213812284577,121.0023053980552
USIG.csv,-445.8653331823968,-69.84322008964088,-87.88189955620584
IJK.csv,-441.39010480365874,21.61350290210274,52.15667507113843
NMI.csv,-426.8075916755982,163.56163185443552,324.99352838899534
PCM.csv,-426.5615423998496,46.5602878795132,89.25273793873461
PFF.csv,-424.889812742526,101.4907490117316,168.3744168078687
BFIN.csv,-420.89847755062766,58.62359094041667,100.31571749480122
PZA.csv,-409.0917048504915,45.99101860172494,94.23388668047208
SHV.csv,-394.1562852147312,618.2813470012078,-1855.7551499689375
NAZ.csv,-383.5257739947341,-10.26604192170871,-12.597604426006862
IMCB.csv,-378.6391484995592,22.19610066935829,54.72225968213119
PNQI.csv,-370.207015259963,-9.629531225575713,-11.849477136738413
BAP.csv,-368.24588280556907,23.28822611098714,40.59957506783981
IYZ.csv,-366.00846566040326,48.44555331717272,80.3422797018564
CM.csv,-359.3500435974248,44.38394686846352,85.83550882280379
KRNY.csv,-356.89386812315786,100.89698954023092,192.48471033898824
ERH.csv,-354.6343251737523,210.86292454816152,449.3638863907411
BSAC.csv,-342.90713663279587,103.86943779140594,195.8259143576187
BXP.csv,-336.19694514105214,41.23020330489131,73.95250182421046
KW.csv,-330.65241980306064,-5.555502982354271,-6.8438895722696085
MHF.csv,-330.27874154417185,161.09786621327072,285.1215795141504
DHF.csv,-328.2898376741352,99.6799424267637,201.10404553176025
FLIC.csv,-322.3493982268752,-13.143026343632586,-16.16488711541742
TFI.csv,-317.96404112074305,44.58621007948764,55.81007346997893
ISCV.csv,-315.0050937739267,30.400677283269815,67.96259925989526
PZT.csv,-313.63422075302844,-14.529627949403595,-17.804446395195054
IYC.csv,-307.79380314163984,16.985074342357258,44.35520059212177
NWBI.csv,-294.3603620880228,165.4550058763732,344.1450988813095
PRF.csv,-283.44654181715475,23.461079344070956,61.56714389939836
PHG.csv,-279.6364648940418,48.78374954565139,84.26320156524739
ERC.csv,-279.1207523848216,182.50036780806417,658.1182709501776
MQT.csv,-277.87646403512986,59.37621903550054,113.0872516582138
MPA.csv,-277.7774634281182,55.75021325079488,102.85304200586522
FCT.csv,-275.2640438861273,43.60408361855297,77.94217500904256
KRC.csv,-268.8043538487099,43.1563883822584,76.77985442082573
ETW.csv,-267.0725290076086,431.188435639822,3130.0089853660697
MMT.csv,-266.8595322100031,213.92235362828555,626.0338854392294
EWS.csv,-266.31580362056417,37.13597313651584,50.466252832608575
NKX.csv,-264.38588788182136,-38.08524110167561,-46.56259478404952
VBF.csv,-264.13709289706884,235.2039007884431,654.9325494329704
TSI.csv,-261.41610785548926,38.25949424121473,68.27419024949634
PRFZ.csv,-249.25736402805123,23.55134955547363,55.113669951009655
ICF.csv,-240.7355901740705,37.51625955828671,67.81177668741
MLN.csv,-235.608801046722,51.64176506613733,117.2873824769718
MIY.csv,-227.7157323045158,57.879575179980094,113.25060003969692
IMCV.csv,-223.4483651185782,-15.259345864002128,-18.73518949944297
NXJ.csv,-222.8006077968206,48.99516743779104,88.68451051887962
CIF.csv,-221.6024786475584,82.41830654801667,162.996273668891
PVI.csv,-220.5216813197605,-12.498132964707992,-15.320947648994366
EHI.csv,-219.61468375608263,122.09778337276596,266.43030764164405
NAD.csv,-219.39899442947475,69.85478158340746,143.15223061820373
PWZ.csv,-217.6861219874505,-15.99384874138856,-19.584789542615862
BHK.csv,-217.5535230576181,128.19293316528604,325.73056158291337
FFIN.csv,-217.147402516055,74.87903426461749,151.87821165788506
EVM.csv,-212.6350138732365,91.18576984768818,156.60208731168066
ECH.csv,-211.0393588891494,62.82824419321452,144.90912306204328
ISCG.csv,-206.1103298577825,-8.734946099695174,-10.73391613032016
MCR.csv,-201.7328385323981,634.1015084519721,-1226.3308619034028
NIM.csv,-201.04787087448423,240.8459592277902,937.9510492980568
MUI.csv,-196.01161777955923,78.41043935162504,147.43266002136627
NUV.csv,-193.3410097182144,238.8246419830353,976.286727914043
AEF.csv,-191.1789763826166,-289.4116138352766,-263.16586149076755
PFO.csv,-191.0877828947748,35.507617591219145,63.119322889039175
WU.csv,-188.312724426403,85.80297874290596,175.15361203084154
IGD.csv,-185.4664028112023,-82.02469840527775,-104.17939898625356
IHI.csv,-185.1069640751054,15.877540493640302,44.07329407137311
ISCB.csv,-183.9036813912723,-19.39489615990157,-23.807522952284256
HIW.csv,-182.3901115428797,56.39941346396152,114.23281044628494
FMN.csv,-181.24979478769689,57.257197265384725,108.20358742143326
GF.csv,-175.69557138087538,61.32923713293095,112.6939406247436
DNP.csv,-174.48571813803383,44.71974271669987,89.50989054824392
WHG.csv,-171.56656009969595,68.82128840543017,171.71561204708013
BYM.csv,-168.502588561829,92.94322474776986,194.79761799731335
MUJ.csv,-167.57699078634195,69.44104376872983,149.1812108513876
VNO.csv,-166.32958285349983,86.13377859972051,251.06617991689092
PFL.csv,-165.9305535219114,61.58796229477559,125.56333774415889
NAN.csv,-163.3594943940333,64.38485490554338,144.01939031805222
MSD.csv,-162.34499402289822,102.80732792426214,283.4413818048619
WPS.csv,-160.86700376353065,56.84299774119592,103.20768732061508
MUC.csv,-160.1857661514255,55.27117249290347,109.37771378124
FSP.csv,-159.97420533795682,-205.12132079804465,-189.11156165765016
EIM.csv,-157.06344603147485,76.65614852441757,148.20748058720898
MYN.csv,-156.18301502745769,55.42090140431043,117.986041146836
NZF.csv,-155.06144962156614,57.34136567609043,130.07291202178752
BPT.csv,-154.18208823863975,-213.39779434153877,-188.62465231159064
NMZ.csv,-151.58924239519942,66.0768195233922,141.4744499861062
ALX.csv,-150.00934431967517,-28.68658073872934,-34.76965781613946
NEA.csv,-148.97085418786378,98.9249889121007,253.2379648325177
REM.csv,-145.54496623399018,54.282342117449176,73.6908487235103
PGX.csv,-145.28844154186257,155.93248483856468,474.2692849165679
CIA.csv,-144.42288277589148,92.21152901044456,240.789926916163
EVV.csv,-143.6777481432516,93.11615740219231,355.25091914533
HTY.csv,-142.31655707253657,-122.21038672623608,-128.96360757256284
VCV.csv,-142.26406822304884,53.09650041070107,106.71141366547803
THD.csv,-140.9023276446325,25.89499686421214,41.53966296311643
BMVP.csv,-140.09381137896855,-9.628423123907249,-11.804491978874768
NHS.csv,-139.31861460312172,51.02647799117423,111.26537201215775
IDU.csv,-136.1962640670907,31.570496112229986,94.8858358088412
MUE.csv,-135.6698661265603,76.92370319139216,177.46820984014164
IFGL.csv,-134.0560227390921,86.52986106178906,194.43017555126676
BNY.csv,-132.65886098903087,87.33894017483743,246.48651011585875
MUA.csv,-132.5987255044925,46.39596085242537,113.01613220701634
SBI.csv,-131.40536888982862,-37.46440075620652,-45.45720582030368
MHN.csv,-131.22855887717046,52.29235668051853,113.14103159877293
ELME.csv,-131.17398225793096,208.39773638928304,6524.840699673339
PGP.csv,-130.90697818929848,78.91978925642888,174.63851540538016
CXH.csv,-130.19837369400994,48.13303802121639,103.95670190190242
NRK.csv,-130.0380602568274,-20.762801390929063,-25.348402553191075
MVF.csv,-129.41673321139356,89.5321618117514,206.3560658912849
PFN.csv,-127.19508781847276,55.3953056319064,118.42151627890712
JHS.csv,-127.1482081347518,61.93036365727964,136.3532061958344
GBF.csv,-126.44319813458392,-9.116035079920495,-11.180921246757489
NAC.csv,-126.18744431437032,64.35624048854937,143.17548677465211
FXE.csv,-124.41658495293312,-79.63714224109812,-85.71856187976448
NBH.csv,-124.29063600400582,117.45073039080752,456.5068387341888
AFB.csv,-123.6953760622409,67.35153279072466,137.65243530083455
EWH.csv,-123.48779117108027,33.70586861129971,61.54126844201232
ENX.csv,-123.18115008080412,116.61835369315328,317.629480623085
BSV.csv,-122.87905081062884,-515.1206187896636,-234.4639589624011
VLT.csv,-120.77254777993254,45.72627702334221,57.73514478306036
VTN.csv,-120.55141128768368,60.59735659883331,134.4609018650091
EMD.csv,-120.13545839234972,343.18985506381364,-536.232089741432
NCV.csv,-119.12871991266816,120.9821712354516,460.7217265519784
DMF.csv,-118.69191061838562,121.28914922367794,382.9134322331296
EVN.csv,-117.9489191635975,52.20870714669273,95.11559886299152
GVI.csv,-117.15084475067266,181.73113071197577,-5713.377357716679
SMN.csv,-116.8588436426126,-18.08467504048176,-22.036500002763272
BLE.csv,-113.6847574478513,54.853225496472106,127.5304877688695
MYD.csv,-112.98901056865796,76.07427624795494,177.2836291704455
IEI.csv,-112.87209010024728,90.43340797776176,296.3348611890218
CRF.csv,-112.32702629393324,66.62626977225463,91.56580686398787
MFM.csv,-111.5260770234538,51.64465628152319,102.63770744628135
BMRC.csv,-111.34339982355752,-30.041170252617565,-36.16416786816354
NCZ.csv,-110.7053182804245,161.94650631802716,1103.453437816545
VKQ.csv,-110.70051743730404,81.75805596987533,205.7303465003735
VMO.csv,-109.1561563370747,102.83945874670827,279.5828656991558
VGM.csv,-108.71311399064656,76.04543364284612,195.9530737894812
CLM.csv,-107.44739031970964,68.11645174113438,93.85649366889903
EVG.csv,-106.69625229468156,221.1396774667699,-725.3375978692064
NNY.csv,-106.26619966185189,133.4305924566704,702.0868880312684
VKI.csv,-106.152857350719,69.56292973097494,158.80903179066465
GOVI.csv,-105.88007792969243,158.75459802240798,1740.6323532602162
SPTL.csv,-105.586897087453,-12.429974397013348,-15.19924475741387
VPV.csv,-105.38098407729731,58.225883769856274,130.92237314569422
TLT.csv,-104.26996952683776,154.88945291578167,1893.1040578309105
UVE.csv,-104.26793561674938,18.564636270970464,31.51613503114362
BLV.csv,-101.59641711180848,99.98843793541064,526.6884511067814
PGF.csv,-101.53556127119391,75.7654601374481,142.56218829959874
NVG.csv,-100.25967017852106,69.22179914673401,218.37307502752745
EDD.csv,-99.26577058091232,-67.70809684488867,-78.48622355364043
CHN.csv,-98.6784116115,144.63382369398173,-16459.10852306872
FXI.csv,-98.3207358705452,72.41442414920856,201.38543824417957
MVT.csv,-97.0424757338333,52.23889044258865,123.79930374644904
RWX.csv,-96.28702284596856,73.16583981153438,176.55661207507427
BIV.csv,-96.1454229520407,162.8884811033747,-7325.196503907573
KTF.csv,-95.61334276581078,73.06034024657919,175.38577777584942
IEF.csv,-94.49198432435442,112.60112334491843,578.7023338894709
LEO.csv,-93.29617788808696,74.10155032892669,226.3701699756066
BFK.csv,-92.78385307806096,48.532936889312765,107.07345255957522
KSM.csv,-89.86480482635875,59.670886707377925,151.48489486292075
HNW.csv,-89.06074308304984,132.44327304553588,632.6674257757052
RCS.csv,-88.55898769610066,130.67369735998636,-2829.66460732104
IAE.csv,-88.5117948258848,-570.1110953962816,-185.13490812923607
PCF.csv,-87.97858266046035,44.06301500348796,104.59138958321296
AGZ.csv,-87.65052671165175,100.8040620375186,466.2190127442103
EDZ.csv,-87.57354230888154,39.03922448034733,50.44504652863156
HE.csv,-87.0958595534803,45.63422499944065,276.10493590350086
PZC.csv,-86.74712597199353,47.10744056709007,111.71242780297784
EMB.csv,-86.57964652207065,111.12760083570544,2771.2272939225136
MHD.csv,-86.34254871654773,46.44578597242769,114.7440166328063
AGG.csv,-85.90366372571968,168.84682595374656,-465.4929401326652
JQC.csv,-84.79852059830066,54.846048350941246,155.89640414338558
EDV.csv,-84.00729062517229,488.84821106257687,-401.7071345941071
OXSQ.csv,-83.89133383086609,53.95806058595366,162.20787115731056
AFK.csv,-83.82065166106611,-25.94833488574699,-31.157535739052182
BND.csv,-83.16334597216738,432.7379084800148,-235.79557762377087
FANH.csv,-81.80415920726112,36.606183672604814,66.8870295225095
SHY.csv,-81.58268409895595,-258.87662343231347,-133.90403410569294
DSM.csv,-80.79384443410713,71.91008252162918,207.9139824886342
GOF.csv,-80.66655373598853,40.797758990150605,102.6253798061296
BDN.csv,-80.49649483952487,46.17386060139546,109.92623136975652
CTO.csv,-79.39691043940554,59.36720448286192,169.1641159884162
CXE.csv,-79.16125386306207,44.26315532954764,105.53435701872208
WIW.csv,-78.9561889508961,-395.8000766775293,-152.3070274038478
EEV.csv,-77.43992767583231,48.7417685696146,65.53417622830285
CMU.csv,-76.82273174358588,53.44963978025878,116.16163809258224
UFCS.csv,-76.08140013914937,45.82411602825997,124.3299281344432
SPAB.csv,-75.08591169240897,-53.28689743384743,-59.382951140486256
ZTR.csv,-75.04922022437253,57.12772575498721,79.90285481639033
CAF.csv,-74.52722358317347,154.26224518430098,740.5093619719339
EUM.csv,-74.08541952914372,-37.546904490777465,-44.49288082610265
PCY.csv,-73.18043098744977,54.75910064931826,346.0674991604833
MHI.csv,-70.45159469594441,66.65389621909006,245.9588834355879
PMF.csv,-70.19201908383543,49.79598770343971,124.29465356686732
PPT.csv,-70.05095895469171,97.67936266307107,925.6279172791972
PHK.csv,-66.1598657432714,67.06138131240958,172.08366337782053
DEI.csv,-64.5070765838306,33.37028742362769,80.36717524135472
PCK.csv,-63.9372708226814,84.03919783538784,492.6255475940212
TLH.csv,-63.93648381170852,90.0785775531244,-2686.153309056642
MAV.csv,-61.664046544148455,66.43076402203705,208.17402346448404
UNG.csv,-60.78559191215855,52.05050941087958,80.3454817596554
MMU.csv,-59.81713547394323,54.05724973707064,146.73042257641018
FAX.csv,-58.87097624822822,-1613.4238219155186,-153.68530942197813
PNI.csv,-58.01919026484277,52.05056751566496,167.19968191051225
PRA.csv,-57.55445033726523,225.1929618563427,-184.91858566501637
NXDT.csv,-56.34562986121946,50.2457974400097,77.49012923346501
EWM.csv,-56.19833386131153,48.279811725312165,64.69662732979324
WTRE.csv,-55.53582782759829,68.88745715619088,279.70707553644445
UDN.csv,-54.61845181609921,-70.65319002569385,-63.11487564242903
CFFN.csv,-53.53854672969421,-48.464123897322665,-51.463058530854255
GLO.csv,-53.06971655645717,6220.921540977131,-134.4617026529274
PIM.csv,-52.12585775963373,178.99261245503016,-372.6752654361481
WIA.csv,-51.79148115677071,-2473.463792470928,-115.91224105793816
BWX.csv,-50.59699868435096,-63.40140700504678,-62.01664248878243
WIP.csv,-50.5803176885257,115.1807938361484,-366.0977982066648
MBB.csv,-49.73032157942727,1937.3394873737905,-109.42277155650406
TEF.csv,-48.29482838817901,-44.767119115697405,-45.95133895436064
CIM.csv,-48.16650883050191,45.50778563958406,68.74553909806491
EQC.csv,-47.55817688898563,36.06423687082128,48.10465975480188
GLQ.csv,-47.37819711589712,123.7050782312631,-277.5740221781824
MPW.csv,-47.10707337926549,34.94990197520131,111.63858335328158
FTF.csv,-45.37510054529695,150.26412117839195,-247.959433633184
GIM.csv,-44.59085146486238,-167.55916567637055,-81.55926642857541
TDF.csv,-44.39225643551213,180.5075561442638,-182.49088885540445
PMX.csv,-44.01597108006797,38.715454007867486,133.6287733055793
IEP.csv,-38.51367530241974,45.970105288950194,164.32456083970942
PML.csv,-37.83933300762767,30.739303353580524,113.6400428503349
GLV.csv,-37.8085495547608,537.4901845545842,-108.11320792782054
FAM.csv,-37.73159966587912,-956.5925466549068,-96.33558503010502
PCQ.csv,-35.79534390533387,35.456021412621524,175.55423207663665
SIJ.csv,-34.784770462787826,-2.3710725326911977,-2.9859355080784096
EFZ.csv,-34.769529100817735,-38.12880531886619,-36.99427684421674
RWM.csv,-34.74617795367466,101.54000406665332,213.61599306179377
SPIP.csv,-34.539294376488506,57.90658308456726,-90.07494193403652
RDI.csv,-34.46242733969346,-12.140311528104933,-14.519380392910035
HALL.csv,-34.30502788248488,71.04062815368344,-63.41054108549177
MLP.csv,-34.17380023818121,-11.790277540830214,-14.074436634352672
SPTI.csv,-33.98108644486549,351.0275025567236,-61.54174636413903
CRDB.csv,-33.218700253579684,90.68728054791156,-94.50782994649184
MIN.csv,-32.512303809394105,-36.54897606002341,-35.07232862706234
UXI.csv,-32.20670201675823,-3.412451056261401,-4.227452082448597
TEI.csv,-31.697499840068623,224.35755680383468,-109.5384211067195
FUNC.csv,-31.30177479204756,-4.82108875007983,-5.913247924622779
GLL.csv,-30.99845941397745,43.559571683627375,62.131750210724846
CVLY.csv,-30.0264417037177,-2.7711588433960506,-3.458746297380623
SEF.csv,-30.00271897433751,-35.070260201232564,-38.01134117629663
SDP.csv,-29.53887191944302,-3.897025064324064,-4.804085667144126
MYY.csv,-28.883359183506467,-11.59427881934244,-14.01185933741126
NKSH.csv,-28.62292079296576,-11.509871086000798,-13.58442632225136
UCC.csv,-28.456627137032164,-2.630053355873109,-3.289679982808292
MGF.csv,-27.84540966488016,-38.978566043532005,-34.845946727491224
MPV.csv,-27.768870322870043,-22.02880496715236,-23.551277767400528
FFNW.csv,-27.298406536402076,50.22974538795217,-66.43010199696897
FXY.csv,-26.89261533191404,-95.98992898803608,-54.05931056566713
DOG.csv,-26.534529900119207,92.27245479476784,182.33626943148508
ASRV.csv,-26.49114248802629,-6.036150118545126,-7.328080918794748
ATLO.csv,-26.4793716405263,87.79775976739678,-61.22037127992022
MFV.csv,-25.93349614699281,-26.820573066653957,-26.55316279934235
NXC.csv,-25.89388083043932,-25.616535816471373,-25.734103038750703
GDL.csv,-24.98551157560208,-55.99706984615507,-40.34782046665595
PWOD.csv,-24.91812241088989,-10.008671144312007,-11.80619869117713
ULE.csv,-24.304159482935848,-4.580425404663684,-5.600345469454588
PYN.csv,-23.65679932042655,-21.35874829647297,-22.145358016899195
PNF.csv,-23.531260025406063,37.811781753593856,-48.038794906371
KINS.csv,-22.738546906676135,-2.2766899579323345,-2.8671537338620503
SH.csv,-21.92636610863793,-184.94600099149264,-72.27520254009384
PRN.csv,-20.593434250770446,-10.04818682783174,
SAA.csv,-19.71970947269893,-2.6903327761793734,-3.3515169909455
ESSA.csv,-19.580977691411245,98.03195843850948,-36.4705352558936
CPSS.csv,-19.163407117696718,-37.18554624898876,-27.384362900166792
NWFL.csv,-19.137120230849245,-2.349061931657601,-2.9482863915344755
PSL.csv,-18.88539591985894,-8.215334577140306,-9.632137523835484
SIEB.csv,-18.72360180733413,-1.6300282406693145,-2.111432582197556
TURN.csv,-18.66956770138716,-1434.1041586993588,-33.27077878354551
WTV.csv,-18.559948974556608,-2.3095146392291923,-2.9009039811367665
KF.csv,-18.03815472674924,-17.927330723117404,-17.96441733640311
JEQ.csv,-17.941619775832265,72.56865965925688,-33.099158820053226
PSQ.csv,-17.86716974769528,144.27802089377164,-2691.324098319174
BYFC.csv,-16.847688865519377,-1.82691953866479,-2.362694546026383
EWV.csv,-16.676070386161026,-5.837399087657446,-6.965389401810716
FAB.csv,-15.504433750690616,-11.237262917435809,-12.254916906948962
WF.csv,-14.831056610590396,-20.81457060110746,-18.15087290606483
VFL.csv,-14.337475559440673,-6.107413397340481,-7.182823241231338
CUBA.csv,-14.304716777096964,-12.148664278308331,-12.767099335795768
GCBC.csv,-13.201958427468137,-1.5416313189059168,-2.004366910002674
SFE.csv,-13.175235339719928,39.502322453674914,-67.02283110726746
KFS.csv,-12.201638753033968,-8.939610803983484,-9.710664829224305
TPHS.csv,-12.130477292278131,-14.434953376301738,-13.499406727890314
QQXT.csv,-11.645781032903,-56.43963470181767,-19.606444987922742
PFI.csv,-11.552496789032269,-8.632396454683164,-9.35062262904484
HIFS.csv,-11.424554406469476,-2.2794085855302813,-2.84259049942266
ITIC.csv,-11.41785044566115,-2.829865364602082,-3.473430082756693
RXD.csv,-11.337512925062136,-2.107527986686188,-2.6448883546233186
SNFCA.csv,-10.663327421341384,-3.2115507758757578,-3.895580212487992
XMHQ.csv,-10.595128679764624,-2.2304910038675243,-2.7807951989854294
MTR.csv,-10.433618190451208,-11.878112430508056,-11.366974494000116
PUI.csv,-10.30691341884756,-10.839432579026338,-10.6493771010682
HWBK.csv,-9.763609491824951,-1.751892252289754,-2.231170894965334
SDD.csv,-9.733600742801697,-2.2666900709787754,-2.8172358445811927
CEE.csv,-9.347521316626713,-16.424478776376656,-12.63280707406202
SZK.csv,-9.28172546574249,-1.8022405430256687,-2.2850517898725378
CMCT.csv,-9.2767251103845,-5.364561899261543,-6.100443209770591
UGE.csv,-8.981378253643895,-2.22443991194587,-2.7584841798165387
PW.csv,-8.940803997558465,-2.5408873057994934,-3.1130956048520533
FCCO.csv,-8.931159810410353,-1.9889935930816776,-2.4926380360735427
NMT.csv,-8.806468244043261,-9.8422721251428,-9.45997227338812
TWN.csv,-8.564485098077036,-9.225936571880451,-8.988624790959044
PEZ.csv,-8.49624187787573,-6.965078752139672,-7.382480758184386
SBB.csv,-8.174925506531771,-2.5649834355800145,-3.125309966478408
DTF.csv,-7.848759366672062,-25.31733333914396,-12.501071341724815
CBAN.csv,-7.75242699045226,-1.995567039406397,-2.4834134768486886
UNB.csv,-7.555287909604925,-2.225030276833899,-2.737127082945622
CFFI.csv,-7.305474175032439,-3.143996240613736,-3.7207363967605054
PYZ.csv,-7.288297418037404,29.765029563664974,-13.0880207546654
ARL.csv,-7.212585259655876,-2.931723583833182,-3.493192312290321
JMM.csv,-6.62233982699022,-14.622229395783002,-9.691884833261769
YCL.csv,-6.5508671172701085,-2.467512444127533,-2.97314551880201
PROV.csv,-6.431117247481361,-7.886529901192013,-7.303685239063048
PLBC.csv,-6.296449537247866,-1.8367832392171128,-2.286050380735902
GRPU.csv,-6.255561700614068,-11.262077362818795,-8.544814724477
FMY.csv,-5.99602745616025,-11.132306478397355,-8.285905850043697
EFU.csv,-5.939719360552696,-3.3675379493605773,-3.849893680649973
EEA.csv,-5.937047667362577,-21.787088850545384,-9.66418294402045
NXN.csv,-5.830992247786118,-9.450862753283896,-7.625273274845131
COHN.csv,-5.683066951359539,-5.327624565951116,-5.472683392558797
CZWI.csv,-5.553207611239713,-1.87278942304707,-2.305394495420241
PEBK.csv,-5.4377404539244925,-2.317044342914632,-2.766382442596335
AXR.csv,-5.394379803615789,-2.88639105401918,-3.334521893023134
TCI.csv,-5.095399727966288,-2.029053190843275,-2.451643913735354
SCC.csv,-5.092795449928426,-1.983509396338055,-2.40426319922711
UBCP.csv,-4.938344691172625,-2.566645113997895,-2.983641601161589
GBLI.csv,-4.853036164050667,37.12339615624628,-8.776211310127772
FSFG.csv,-4.7124989777268125,-1.5391252407214695,-1.9265396566163449
RBLD.csv,-4.485839726984834,-2.491133200537887,-2.869483186791145
SBFG.csv,-4.297133991741704,-2.5203519737280025,-2.876981268235573
CARV.csv,-4.28752543560993,-1.8647380325017824,-2.2408960724022444
FCAP.csv,-4.010640025762359,-1.2122744058247563,-1.5668189858761787
EGF.csv,-3.9388860502737626,-12.42218156451691,-6.313367056942546
MXE.csv,-3.744653770397276,-10.8468275224958,-5.913750443612778
LARK.csv,-3.651478903052856,-1.7196635519083072,-2.0533880094639243
OVBC.csv,-3.4080730623465683,-2.162627988341212,-2.439741884899408
NICK.csv,-3.310013982670089,-6.051527933848101,-4.5753744268428
AAME.csv,-3.2836972804229334,-2.677952356747636,-2.846455923518868
SSBI.csv,-3.14555143802614,-2.1535813459699336,-2.3913813827304504
IHT.csv,-3.0827083551020715,-1.315200210455308,-1.6199845155318844
FUSB.csv,-2.976621895303553,-2.813724332239516,-2.865567684815987
OPHC.csv,-2.880772396233276,-1.9518084969377203,-2.175881308072441
EQS.csv,-2.8065281320316195,-3.0965380882201674,-2.9871606669377195
AUBN.csv,-2.7236703578636883,-1.7450966109984225,-1.9729924978681008
LTL.csv,-2.720722381822848,-1.6314468038394054,-1.872060996062065
GRF.csv,-2.508125493246344,-1.7862619571775515,-1.9704820906046492
CWBC.csv,-2.377512262346064,-1.8053681918188296,-1.9595354159256309
BHV.csv,-2.272214243143802,-2.142272655891416,-2.183745380743573
CFBK.csv,-2.074556493406066,-2.2713727315636723,-2.2014495440310875
OPOF.csv,-2.064584161049935,-2.596047109327264,-2.385449313389821
HMNF.csv,-2.062678580644425,-2.2367854476708136,-2.175193974959653
RDIB.csv,-1.9483864510864428,-1.8742906559021548,-1.8987540893239196
FTDS.csv,-1.869601011374125,-1.4717560176406297,-1.585087822022271
MGYR.csv,-1.832605550963461,-1.20272204621913,-1.3651330325600426
KFFB.csv,-1.8128538844624709,-1.5654272164668008,-1.640368332786629
RAND.csv,-1.759025741163736,-1.523252194745856,-1.5955113571937003
PBHC.csv,-1.6572276913719657,-1.5942841566050707,-1.6147878723279698
NOM.csv,-1.586188279400773,-2.024090288510622,-1.8528368530488823
INTG.csv,-1.5255940777542,-1.5938477202293695,-1.5695572569533704
PNBK.csv,-1.5128736234610978,-1.6767886475932243,-1.6178798311110372
NEN.csv,-1.4095112036638822,-1.2769058780725,-1.3189484023394986
LSBK.csv,-1.408099504209962,-1.2211181353809522,-1.278415490335982
MAYS.csv,-1.359371660458515,-1.3174523762367447,-1.3313211390214312
DGICB.csv,-1.340278787449171,-1.4219964619043524,-1.3931541752575582
GLBZ.csv,-1.326626400828129,-1.27792420628819,-1.29396523747777
IOR.csv,-1.2935334578775484,-1.331964293037773,-1.3191266534407662
AGMA.csv,-1.1969085712633043,-1.2807953070045135,-1.2520518350611567
VBFC.csv,-1.1850720456788058,-1.617780748603674,-1.4511067793189598
