File Name,Volatility,Risk Reward
SHV.csv,0.00031159339821628534,-1855.7551499689378
SHY.csv,0.0008752574724724433,-133.90403410569294
BSV.csv,0.0015075289014649614,-234.4639589624011
AGZ.csv,0.001994779645270674,466.2190127442103
GVI.csv,0.002205519574879733,-5713.3773577166785
IEI.csv,0.0024621771660870593,296.3348611890218
SUB.csv,0.0025459555539585226,221.16969970708715
MBB.csv,0.0027382761062939736,-109.42277155650406
AGG.csv,0.0030555554395115376,-465.4929401326652
BND.csv,0.0030876115767048988,-235.79557762377092
MUB.csv,0.003197155647366365,114.73871959662998
BIV.csv,0.0035492759218907328,-7325.196503907573
TIP.csv,0.0038655344228066125,114.891705473421
PZA.csv,0.004228351253357485,94.23388668047208
IEF.csv,0.004373176013874728,578.7023338894709
UDN.csv,0.004964737771258937,-63.11487564242903
LQD.csv,0.005010466206799104,132.64753329146967
UUP.csv,0.00504185062299402,144.6464479229152
FXC.csv,0.0052485642009030406,-350.1473847102424
MLN.csv,0.005433096295625004,117.2873824769718
AOM.csv,0.005481795299726363,38.2397470802947
FXE.csv,0.0056087560776522894,-85.71856187976448
PHB.csv,0.0058486216642559645,126.54757344317966
GOVI.csv,0.0059902493092080155,1740.6323532602162
WIW.csv,0.006020822097265236,-152.3070274038478
FXY.csv,0.006073256232362139,-54.05931056566713
WIP.csv,0.00612226979390841,-366.09779820666483
HYG.csv,0.006243188530719643,248.6885065149283
EMB.csv,0.006365311366828406,2771.2272939225136
FXB.csv,0.006409680394580727,-276.5322402364723
FXF.csv,0.006547154911477063,114.73437734272606
NUV.csv,0.0065896254854776746,976.286727914043
TLH.csv,0.006675319375296716,-2686.153309056642
WIA.csv,0.006820119509280276,-115.91224105793815
NQP.csv,0.006992334797771021,96.54577909192655
MIN.csv,0.007125206653558749,-35.07232862706234
NAN.csv,0.0071385197993343785,144.01939031805222
AOR.csv,0.007139826326968307,31.93706107135377
MUJ.csv,0.007207306340616413,149.1812108513876
NXJ.csv,0.007237300745493198,88.68451051887962
MYN.csv,0.007305680754343194,117.986041146836
FXA.csv,0.007364508231090492,542.34301189412
BLV.csv,0.007388841097822478,526.6884511067814
NIM.csv,0.007423575865056914,937.9510492980567
MGF.csv,0.007474009969784067,-34.845946727491224
NAD.csv,0.0075033624045648915,143.15223061820373
MIY.csv,0.007528850642895105,113.25060003969693
MPA.csv,0.0075910325261579785,102.85304200586522
PCY.csv,0.007595066228610295,346.0674991604833
NEA.csv,0.007651552993058976,253.23796483251772
NXP.csv,0.007660787936013066,165.57035961267977
MUI.csv,0.007693425239966541,147.43266002136627
MUC.csv,0.0077374997359809196,109.37771378124
NNY.csv,0.007764008900597254,702.0868880312684
NCA.csv,0.007782690739522814,200.99058416718202
MHN.csv,0.007786237286790672,113.14103159877293
BFZ.csv,0.007818710969076163,85.54506790264904
NVG.csv,0.00784614647942061,218.37307502752742
EVG.csv,0.007922119609448337,-725.3375978692064
AFB.csv,0.007922694984241243,137.65243530083455
MYI.csv,0.007943151775145037,92.94442934789429
NZF.csv,0.008038272132006351,130.07291202178752
VTN.csv,0.008129565867520422,134.46090186500913
VPV.csv,0.00819366064273853,130.92237314569422
PMO.csv,0.008211972907531057,115.02508169469962
VGM.csv,0.00823116428240206,195.9530737894812
KTF.csv,0.00835196226684047,175.38577777584942
BHK.csv,0.008373535005789922,325.73056158291337
NAC.csv,0.008375258884771026,143.17548677465211
IGSB.csv,0.008387456110450206,-66.73447815296592
MCR.csv,0.008411363519426852,-1226.3308619034028
BNY.csv,0.008420365641492442,246.48651011585875
BYM.csv,0.008455276631415388,194.79761799731338
INSI.csv,0.008485233488517223,149.29694723151633
MQT.csv,0.008499275175108756,113.0872516582138
SPTI.csv,0.008502681162018915,-61.54174636413903
KSM.csv,0.008507922395878038,151.48489486292075
EIM.csv,0.008523877808168406,148.20748058720898
CXH.csv,0.008561933223496977,103.95670190190242
MUE.csv,0.008573117193359374,177.46820984014164
ENX.csv,0.008653971740728513,317.629480623085
PST.csv,0.008656646076854775,-43.68724683360898
EVM.csv,0.008672450152101198,156.60208731168066
NPV.csv,0.008756114512243196,446.13927552153586
SPAB.csv,0.008772352068149244,-59.382951140486256
MQY.csv,0.00879234504108693,120.05611404705651
VBF.csv,0.008817355228433398,654.9325494329704
IGIB.csv,0.008827191787561679,-80.46648276535711
FMN.csv,0.008842439844420623,108.20358742143326
MMU.csv,0.008853061643267233,146.73042257641018
VKQ.csv,0.008853993407323795,205.7303465003735
VDC.csv,0.008898241294308034,25.24136635467685
MYD.csv,0.008912225436194514,177.28362917044547
VKI.csv,0.008916183177619531,158.80903179066465
PBP.csv,0.00892930429120602,100.05445909766058
MHI.csv,0.008958657337212923,245.9588834355879
XLP.csv,0.008980765091624392,27.262674199864993
DBA.csv,0.008989560927908183,-430.3516094895631
FCT.csv,0.00899427065378651,77.94217500904256
MMT.csv,0.009009178591283723,626.0338854392294
MHD.csv,0.009021206118356202,114.7440166328063
VMO.csv,0.009066391526715484,279.5828656991558
JHS.csv,0.009072966918105128,136.3532061958344
VCV.csv,0.009078791636770037,106.71141366547803
SPIP.csv,0.009080705379952475,-90.07494193403652
BTA.csv,0.009120961463100246,67.1676036875102
USIG.csv,0.009135938966869577,-87.88189955620584
DSM.csv,0.009144818807012877,207.9139824886342
MHF.csv,0.009161505913361715,285.12157951415037
FAM.csv,0.00917095123430815,-96.33558503010502
LEO.csv,0.009219330329384861,226.37016997560661
BFK.csv,0.009295943417562716,107.07345255957522
NMI.csv,0.009335644399384101,324.99352838899534
DMF.csv,0.009353188917837115,382.91343223312964
MVT.csv,0.009444087355143951,123.79930374644904
MVF.csv,0.009445653144849303,206.3560658912849
MAV.csv,0.009455707868766924,208.17402346448404
PIM.csv,0.009462474606450885,-372.6752654361481
AOA.csv,0.009496446879193144,29.94795255898098
MUA.csv,0.009571916236647791,113.01613220701634
BTZ.csv,0.009579302335324192,102.57020927766291
BLE.csv,0.009583963181514448,127.5304877688695
FTF.csv,0.00961627827764128,-247.95943363318398
PMM.csv,0.009620643349975855,107.50545838046658
FXG.csv,0.009637397380628148,22.0431742953462
EVN.csv,0.009660357577913467,95.11559886299153
PBJ.csv,0.00974364636339925,25.935411901155316
MSD.csv,0.00974749006450682,283.4413818048619
FRA.csv,0.009760611453331293,76.78862830991277
EVF.csv,0.009780736149652485,51.190147180342564
BLW.csv,0.00978679108741161,90.7864356188235
BWX.csv,0.009788107650268902,-62.01664248878243
IYK.csv,0.009797972433039507,23.401532364579953
PPT.csv,0.009818469333166298,925.6279172791972
EVV.csv,0.00982840781853105,355.25091914532993
CMF.csv,0.009829649575679127,-119.7940245258682
TLT.csv,0.009831232410529266,1893.1040578309105
PFM.csv,0.009872395871103454,26.558779207961322
TSI.csv,0.009873358160708437,68.27419024949634
PML.csv,0.009876276764761554,113.6400428503349
PHD.csv,0.009881526133868505,95.31330732431798
PAI.csv,0.009881850369228513,121.00230539805519
ERC.csv,0.009902621209016827,658.1182709501776
HNW.csv,0.009913390646447882,632.6674257757052
NMZ.csv,0.009968570826077475,141.4744499861062
CEV.csv,0.009999055598117224,84.5414566746804
FT.csv,0.010011385601044746,54.00437911281672
BKN.csv,0.010017349657947514,80.25397663892575
FVD.csv,0.01003240660419615,26.620515993213814
GLD.csv,0.010044354364183689,38.39763163758074
MFM.csv,0.010107092695279124,102.63770744628137
EHI.csv,0.01013630868504436,266.43030764164405
NBH.csv,0.010151483013560976,456.5068387341888
BGT.csv,0.010213679849945907,65.71142147269599
PFF.csv,0.010280627726475762,168.3744168078687
EFR.csv,0.010305764533902546,62.34245935186518
VIG.csv,0.010331624025209497,24.039759991083073
PMX.csv,0.010453567310440386,133.6287733055793
PCK.csv,0.01048512770593149,492.6255475940212
XLV.csv,0.010528409255642723,21.753468307145383
PNI.csv,0.010529402442283316,167.19968191051225
EFT.csv,0.010554327578179163,64.70387502131223
PGX.csv,0.010556579185598198,474.26928491656787
WEA.csv,0.010589396575883219,112.29560102237451
IYH.csv,0.01060306592288603,21.41408838051828
JFR.csv,0.010696019542163905,87.51520906298128
CXE.csv,0.010740036867752649,105.53435701872208
VHT.csv,0.010751590827908162,21.297929631890565
PZC.csv,0.010754129805951437,111.71242780297783
JHI.csv,0.010763734853001685,209.47540520127075
VYM.csv,0.01077783878960984,29.097569769897504
PCQ.csv,0.010844309495176454,175.55423207663665
SPHQ.csv,0.01086505855888209,21.706662944727327
GIM.csv,0.010894940206399287,-81.55926642857541
ETJ.csv,0.01091341523780726,-68.8313950180515
CMU.csv,0.010921447562257158,116.16163809258224
DIA.csv,0.010954349555941812,24.93836906635227
HIO.csv,0.010982180138781958,273.18087372379614
HYT.csv,0.011007226353586664,69.58629767909254
AWF.csv,0.011031954518884286,87.17596466095515
JXI.csv,0.011046624239845943,92.72583095125427
PWV.csv,0.011063064952886137,28.619936885003543
DHS.csv,0.011080884856657687,35.005184993319055
FAX.csv,0.011091515799707146,-153.68530942197813
NHS.csv,0.011099530246023564,111.26537201215775
FDL.csv,0.011149151111057585,34.36742822985534
CIK.csv,0.011202847673771504,82.27163902197996
EMD.csv,0.011232921934331994,-536.232089741432
MGV.csv,0.011246382792224292,28.995387347518328
DNP.csv,0.011257634220560432,89.50989054824392
VPU.csv,0.011274288058836365,41.3299291114839
AIVL.csv,0.011317506570395515,34.075085527119136
XLU.csv,0.011322526296895015,42.76510296996703
TY.csv,0.011333216986234247,33.43197414997386
OEF.csv,0.011354549692955036,23.036655658302806
FXU.csv,0.011357040471143198,38.692923703151195
DVY.csv,0.011364100669060314,33.75634027014975
PMF.csv,0.011364527604243961,124.29465356686731
MGC.csv,0.011409695019335572,22.663624529963567
EUO.csv,0.011413858548157173,78.08503342426127
DFJ.csv,0.011459206245294036,48.56936200022882
EAD.csv,0.01146594907472199,130.7793860970188
VTV.csv,0.011489622946071254,28.662326210007272
IVV.csv,0.01151367323869012,23.050361958270965
SDY.csv,0.011524962797375816,32.096109304128944
DBC.csv,0.011526865956103149,169.45680005201845
VPL.csv,0.011535711494661796,58.76279871688714
VV.csv,0.011545688130748766,22.919796524334195
STEW.csv,0.011557524006973765,33.386355634049885
IXP.csv,0.011586759536680341,70.89942050709124
IHE.csv,0.011632441943293386,26.505254740997227
TEI.csv,0.011641075788071801,-109.5384211067195
DLS.csv,0.011643577040720967,49.857014257909015
BXMX.csv,0.011646144818433053,113.42087060479913
IVE.csv,0.011651594832873485,27.794996475703446
IWB.csv,0.011668955586382136,23.05948951283369
VTI.csv,0.011675485240328678,23.209071598914182
SPXX.csv,0.011703776959618084,80.11676189730673
EWL.csv,0.011712180997713562,36.23657148593475
SPY.csv,0.011720089766398805,23.373536925664844
DHF.csv,0.011743743255476627,201.10404553176022
IWV.csv,0.011796937653058491,23.458271051389655
IWD.csv,0.011815994584854647,30.793324813489775
ACWI.csv,0.011821533412603653,32.154924760476895
FXH.csv,0.011826130460587602,20.00288923629303
IGF.csv,0.011856348302055243,62.96289141375017
GRX.csv,0.011939155801243523,52.05321331481122
BCV.csv,0.011944860699339066,71.5282663892552
EDD.csv,0.011954047228517202,-78.48622355364043
WPS.csv,0.011989530017177612,103.20768732061508
VT.csv,0.01199630399104952,32.70990074943497
PGF.csv,0.01200957171762236,142.56218829959874
PJP.csv,0.012070733449597288,25.197622614265793
HIX.csv,0.012071498270673236,228.8530700255703
ADX.csv,0.012078576716092049,44.0757775244177
IGA.csv,0.012089295231882001,-1692.8540228458469
IGD.csv,0.012112331749179901,-104.17939898625355
GWX.csv,0.01213026312744633,57.598401989905675
PWB.csv,0.01218519002963956,20.66528987606505
IWF.csv,0.012202146072166783,19.55819690890409
JQC.csv,0.012221592620871082,155.89640414338558
EFG.csv,0.012230001372856703,44.84869146691724
KXI.csv,0.01227427364316584,82.33788278757574
IYZ.csv,0.012292021025920955,80.3422797018564
GAM.csv,0.012292374128890756,41.42675163947551
PCF.csv,0.012305828434533992,104.59138958321297
SCZ.csv,0.012310371399496457,40.18677224598415
BOE.csv,0.012322593786394179,-203.14295780866408
ETB.csv,0.012337644465384209,167.99447315000197
RWX.csv,0.012386998912403958,176.55661207507427
IFGL.csv,0.01238724713340521,194.43017555126673
GOF.csv,0.012410997915827627,102.62537980612959
NIE.csv,0.0124237738113546,60.24778369968027
VOX.csv,0.012459301897308652,37.9031385013889
NFJ.csv,0.0124753901520518,218.83247544213373
BDJ.csv,0.012479270424334126,295.19328827211604
CII.csv,0.012490038538628255,59.984549838550755
DOL.csv,0.012524214921808382,90.5079204360904
DWM.csv,0.012549177489129235,80.7415610226831
EFZ.csv,0.012551996535031506,-36.99427684421674
SPDW.csv,0.012563709708176208,53.73943442695498
DGS.csv,0.012612344208692625,47.76818647225332
ACWX.csv,0.01261595178671191,59.9776898933531
FOF.csv,0.012631463949537474,105.49347944971535
MCN.csv,0.012637918191243467,103.71454555422127
EFA.csv,0.012651108169815623,58.98847425941471
VEA.csv,0.012662067929772364,55.94699327399262
VEU.csv,0.012664561847927176,57.1152863813897
ETV.csv,0.012664673138162592,115.05139857210065
BGY.csv,0.012673627391917686,-217.03689103564395
PEY.csv,0.01270814653195493,36.896540166587315
EXI.csv,0.012717689985981096,31.097204478957188
PIO.csv,0.01273451571502147,34.73449365414407
JOF.csv,0.012749122168769137,151.1891978374528
FFA.csv,0.012768692859913321,48.9313745995165
VO.csv,0.012773313009133022,24.568186925610938
PPA.csv,0.012790025872236056,22.435603298774
FCO.csv,0.012792253898544523,6353.7591477319265
PHT.csv,0.012796976382677667,343.09195213216407
PID.csv,0.01280324660244686,57.05345161628771
EWH.csv,0.012854543611829469,61.541268442012324
GLV.csv,0.012861005164807612,-108.11320792782054
EOI.csv,0.012870709833520759,80.81187245287755
LGI.csv,0.012874071421194745,92.9545755438194
VOE.csv,0.012900806958847351,27.404461127971313
AIVI.csv,0.012908067500944557,103.68133648371048
IWS.csv,0.012916583340429688,28.56138911813401
MGK.csv,0.012921530287976228,20.35953054198078
ECF.csv,0.012937148270249069,61.1188657142833
VUG.csv,0.012959334675494169,20.800759788425157
IXJ.csv,0.012988408277980732,47.669786161131015
PDP.csv,0.013017737994720448,23.829011116576854
BRKA.csv,0.013026138141939637,24.44986452577238
QQEW.csv,0.01304033895638874,19.449373657875913
PFN.csv,0.013102223493030895,118.42151627890712
DTH.csv,0.01310389370506317,112.92333164691371
SWZ.csv,0.01313062451114283,-833.3072363125788
ETW.csv,0.013148078431903538,3130.0089853660697
XLI.csv,0.013198360811943886,26.541861616280897
QQQ.csv,0.013201632194310552,17.114049863845302
EOS.csv,0.013209538553580208,60.25266976707318
ETY.csv,0.013238421636569436,120.73684190810968
EIS.csv,0.013249703823119352,54.0412226201789
GLO.csv,0.013256735491163674,-134.4617026529274
DHY.csv,0.013267541889629197,100.3485108461417
WTRE.csv,0.013268017497499528,279.70707553644445
XLY.csv,0.013277257044561263,20.86913323093535
MOO.csv,0.013284611092768949,38.99226154755148
DWX.csv,0.013292775421992063,157.38756258803684
EWC.csv,0.013311473335386157,47.62418253148107
VOT.csv,0.013324451475914748,23.25705105868474
PFL.csv,0.01332808079418326,125.56333774415887
IHF.csv,0.0133443458991646,21.751079289235406
EFV.csv,0.013357090114498137,87.57056531903595
DLN.csv,0.013388713391667315,51.254695762906245
VIS.csv,0.013395864763889698,26.03585200960645
DEM.csv,0.013413856832882234,94.33185426318248
FUND.csv,0.013446045955555689,60.176253856357135
VCR.csv,0.013456361470831759,19.919237435740946
IJH.csv,0.01345764033720851,25.83571238291661
JPC.csv,0.013462983926157948,73.71068802314554
FIW.csv,0.01348679843824666,23.963032837038167
CIF.csv,0.013495062562838302,162.996273668891
DTD.csv,0.013529818732884636,51.36256346558101
BME.csv,0.013552641379054129,49.33671217835925
EXG.csv,0.013561392785873837,824.3035331305571
IDV.csv,0.013563816620319514,78.69222519224759
MMC.csv,0.01357976358347051,21.569347600171046
XLK.csv,0.013581027203039164,18.059294534852135
DBB.csv,0.013584129764761739,69.74793416455836
GLQ.csv,0.013610966710627509,-277.57402217818236
CWI.csv,0.013628241777833297,102.20132564182431
EVT.csv,0.013649674122065098,53.37344684313689
PXF.csv,0.013689530064749125,58.730626926616964
ERH.csv,0.013713174243510458,449.3638863907411
GMF.csv,0.013740886433375961,45.13133889691113
RWO.csv,0.013778606391813235,58.707534297278656
PHO.csv,0.013793089743923037,29.465324050857394
IDU.csv,0.013836002920561658,94.8858358088412
IEV.csv,0.013853864826644887,59.20225509508442
ETG.csv,0.01392170134062939,65.91268774198674
AVK.csv,0.013929734801970923,152.77869719131436
EWK.csv,0.013946740185766082,47.64689662044852
ILCV.csv,0.013953119949903291,69.24281535811915
FLC.csv,0.013954418682359917,58.153497364074774
VGT.csv,0.013966589096109419,17.657010429526224
IGM.csv,0.01397204674560737,18.037324192358415
VB.csv,0.014004368129651891,26.907599984613658
AAXJ.csv,0.014007286054501885,52.38060221643743
SCD.csv,0.01401393304467636,57.79262040595548
SUSA.csv,0.014019576372627966,38.409299168486825
VXF.csv,0.014029291646032381,26.447549896561164
PCM.csv,0.014030064559843592,89.25273793873461
GDV.csv,0.014033820526522049,49.94412423014543
HTY.csv,0.014044185539598237,-128.96360757256284
IAE.csv,0.014046059468814107,-185.13490812923612
EOD.csv,0.014046440171525107,-111.43565667026448
VVR.csv,0.014062120785439936,68.3208916469004
MDY.csv,0.01407992362801179,26.540220653255375
XLB.csv,0.014098991589920269,31.944034755425303
CHI.csv,0.01411176990833971,99.42402671645604
AJG.csv,0.01413122313809947,20.928239791931055
EPP.csv,0.014142090493396311,61.309941186118
UTG.csv,0.01415881804874146,47.653379074054925
IYY.csv,0.014199822730368922,38.35973938067206
GGME.csv,0.014209524866936392,26.563837789885724
ITOT.csv,0.014222593842400308,38.85237376400939
GSG.csv,0.014242017219869384,-12390.61637937077
EDV.csv,0.014258090800681994,-401.70713459410706
HTD.csv,0.014291553490380896,56.41101121148422
VGK.csv,0.01429902045069799,60.7128944619455
VAW.csv,0.014323103193617459,30.314403189296694
CHW.csv,0.014359103803330199,158.1620636243957
IOO.csv,0.014364349406311611,59.32960405760856
VWO.csv,0.014367337102252992,60.606171077034666
USA.csv,0.014372187866405619,56.28584745908646
VBR.csv,0.014377961671653127,29.7700111456636
CSQ.csv,0.014397200943598283,44.98217205640044
AON.csv,0.014422717424216589,24.095289889372122
PIE.csv,0.014430208222503377,49.316206794300435
JCE.csv,0.014444530277225245,78.88648908044041
VBK.csv,0.01445748444230415,25.805226276862317
SOR.csv,0.014462984104917092,72.75602183205483
CHY.csv,0.014471823533235187,81.18732041289233
ETO.csv,0.014495534323432292,63.96439512244706
MFD.csv,0.014530480521850676,437.5443006613461
IUSG.csv,0.014540857162948638,32.69218777420099
RCS.csv,0.014553671272846524,-2829.66460732104
PDT.csv,0.014670196119603282,72.54907273549748
HPF.csv,0.014694651229947269,106.55910151958153
AIA.csv,0.014720674489858272,47.036082972865515
MXI.csv,0.014730593684931044,46.792481627400086
IWM.csv,0.014759415322970482,30.96855801205044
EUM.csv,0.014760319245301745,-44.49288082610265
WOOD.csv,0.014775505081690904,38.605873345043655
HPS.csv,0.014787724366526974,93.5769125310695
UTF.csv,0.014789920996966426,52.59891001096229
EEM.csv,0.0148026845802053,66.15048024425208
EWN.csv,0.014830969169239533,37.74830974793063
RY.csv,0.014834300877183087,34.58664808362898
IYT.csv,0.014856454632069431,31.003719137048353
FFC.csv,0.01487646421306365,60.204478530840554
TRV.csv,0.014907457233402616,30.198782892924537
PXH.csv,0.014917590924918773,80.65081729590217
PEJ.csv,0.015035156353540286,30.10214159652546
FAN.csv,0.015047073872990563,83.78308241633927
RNR.csv,0.015051044898774289,31.98364084407134
RVT.csv,0.015053279982376839,60.844191365016904
TFSL.csv,0.01505529099007377,100.93802192871635
IWN.csv,0.015070114626040779,36.0417030999574
IGV.csv,0.015092247048541998,19.383212362186836
IWC.csv,0.015112832459936519,33.13933282939178
SAFT.csv,0.015175167640983879,51.223121516307536
RMT.csv,0.01518789186506665,64.90667327999547
HQH.csv,0.015190408489426498,74.31594876015527
IDGT.csv,0.015197655508655594,32.80069230302176
PCN.csv,0.015204042857059376,119.2663614395011
THG.csv,0.015213200972243405,38.72859124662376
AEF.csv,0.015214732182670013,-263.16586149076755
PTY.csv,0.01521558536680805,92.47118039757918
HQL.csv,0.015218706173070777,69.658039379391
CGO.csv,0.015223345596746242,170.89954208533885
IYM.csv,0.015225820010548211,33.53689414384947
IAK.csv,0.01523562055903842,30.853987087650477
THD.csv,0.015365218373505985,41.53966296311643
CB.csv,0.015399071367187126,30.587708654372914
IYJ.csv,0.01541202417520613,39.84859755492799
ASG.csv,0.015428276285865655,53.90468368677625
PFO.csv,0.015436906407665995,63.119322889039175
EMF.csv,0.015474729832386437,86.78432323192033
EZU.csv,0.015498636710392557,66.59121194410643
EWG.csv,0.01551045519814475,66.08584845595719
IWP.csv,0.015565970805371606,34.780439552711734
MXF.csv,0.015571451481437723,86.97719915072402
BNS.csv,0.01557719341083649,56.703381723557825
PGR.csv,0.015591087251570102,20.887018359779674
XSVM.csv,0.015600660334487784,28.755140328506165
EWQ.csv,0.015607426599475506,55.26246630651701
TDF.csv,0.01565321497658405,-182.49088885540445
BMO.csv,0.01566841797501343,33.095089014288185
FDN.csv,0.015670899735540093,19.58379999805552
HPI.csv,0.01569510596174151,110.78171917805979
EG.csv,0.015738341066086247,29.711973353682165
QTEC.csv,0.01575551462159131,18.97081542756842
GAB.csv,0.01577604727656748,83.46183530173253
IXG.csv,0.015787653685905904,46.96923707118088
BKF.csv,0.015806414768810464,81.98010794894638
MORN.csv,0.015820492448154023,23.69116894793402
AMT.csv,0.015823252348098768,24.47322679041195
WTM.csv,0.01583548859380185,26.98197711269002
IWO.csv,0.01588997732495152,29.13433379465632
EWW.csv,0.015905308180010534,50.81115281827809
SPEM.csv,0.015937158659429483,134.045340417938
FRI.csv,0.015991523409773473,39.493095314507954
IYR.csv,0.015996074805955794,42.82225689807228
GUT.csv,0.015997446489306393,172.8881200114871
IAI.csv,0.016049430226544526,27.988565087746256
GF.csv,0.0160690738305139,112.69394062474359
IUSV.csv,0.016073082039444568,64.21057123758102
IFN.csv,0.01607315269862507,138.94099676997234
FXZ.csv,0.01608462515441645,27.601311381084802
FEZ.csv,0.01609896933116649,75.42918086953128
AXS.csv,0.016130745112440725,54.82252356498316
ERIE.csv,0.016134183967173372,22.7842273166256
ECH.csv,0.016134202651328734,144.90912306204328
XPH.csv,0.01615702952397982,70.84119574890723
IAF.csv,0.016185281906619005,-691.7449019259082
EWA.csv,0.016222699305634764,58.815364967904294
ITA.csv,0.016239353171508927,37.078248335513514
EPI.csv,0.016258924301099306,35.499827025430484
BIL.csv,0.0162834376170726,61.56604657217822
AWP.csv,0.016322322104717492,132.93948327655698
NCZ.csv,0.016344280843634592,1103.453437816545
BRO.csv,0.016366775699881604,33.86491161772542
SHM.csv,0.016392182348843265,60.42395319316269
CCI.csv,0.016398013691744682,26.44899138506273
PBE.csv,0.016402300794886512,30.13953648214864
FBT.csv,0.016410736372224243,24.033111839735334
L.csv,0.016425042774200767,45.5680203784496
CHN.csv,0.016463269262237092,-16459.10852306872
WRB.csv,0.016480552353796838,44.922532912116786
REZ.csv,0.01651909903188104,39.912605685319576
VFH.csv,0.016520075466934726,34.972089925335844
WPC.csv,0.0165240862147149,40.59862227253924
IGR.csv,0.016531584501235826,81.18206857957419
VNQ.csv,0.0165388169889633,43.50600192265803
TFI.csv,0.016546628388246103,55.81007346997893
CHE.csv,0.016557532916201916,19.52569974272522
PFD.csv,0.016565489552715782,66.21805960870367
IJT.csv,0.016573342428068124,39.00908679251251
USRT.csv,0.01658898329707811,44.33870993244311
IGE.csv,0.016593164871890796,65.89216625799493
PIN.csv,0.016646495791731122,52.306589131597384
ILCB.csv,0.016647881413963526,59.67647108178624
EWY.csv,0.016648990993302536,46.90012498834763
IJJ.csv,0.016666848970208255,45.10835292045247
NCV.csv,0.016676919035139983,460.7217265519784
IJR.csv,0.016703466025577506,42.51475670087995
EWO.csv,0.016743348363882925,62.862907570467165
GCV.csv,0.016752152708143914,1129.3436838224384
IIF.csv,0.016753893710680767,62.94872202317423
PSA.csv,0.0168050548456234,32.88435600387503
GGN.csv,0.016820146048319096,-78.74165451500552
ITM.csv,0.01686496887622283,53.10380029749109
IXC.csv,0.016871282966108667,81.29109924967274
PEO.csv,0.01697144169393974,115.06220758860714
GXC.csv,0.017022660021536976,72.12671146688031
MKL.csv,0.017095936291056806,30.37569270107961
TD.csv,0.017120416884614777,53.74354550047175
CBSH.csv,0.017132044679709402,85.3639173441445
DBE.csv,0.017147027616582777,145.8428333996366
DON.csv,0.01714848589232009,61.25280301189678
IYC.csv,0.017157046612136177,44.35520059212177
SPYG.csv,0.017163354594459737,44.47296948165108
IVW.csv,0.017165035968106774,46.12747392347491
CINF.csv,0.017182608440131853,35.41574776031858
IJS.csv,0.017186803316265452,47.24700393018169
RWR.csv,0.017234707167314647,44.95413228989477
MCI.csv,0.01730722698647205,109.38584866650255
SLYV.csv,0.017325352261712543,50.555889852848495
RFI.csv,0.017357314557543985,65.01769715150184
RNP.csv,0.017379980891098712,38.29953643391863
PBD.csv,0.01738127846660564,84.12104382968792
UNH.csv,0.01740367147024465,18.638490197561232
CFFN.csv,0.017412424040522123,-51.463058530854255
EWP.csv,0.017490783043653018,184.9055519042958
ALL.csv,0.017515310676627552,32.68972098899145
CM.csv,0.017538157186101647,85.83550882280379
XLF.csv,0.017603883205860076,39.676603374059376
MCY.csv,0.017613020563857513,173.55008565605965
IWR.csv,0.01762337018236514,56.292604123511495
HSBC.csv,0.017635754958865574,171.31889311399271
MAA.csv,0.01765238785038394,34.37965298155857
SEIC.csv,0.017674078121831402,33.92191144503039
SPGI.csv,0.01769037566203686,19.192858525098597
WABC.csv,0.017717445489026692,95.88146705110647
FXI.csv,0.0177322846784761,201.38543824417954
O.csv,0.017744938373382257,43.14542395122065
PHK.csv,0.01774530104016385,172.08366337782053
ESS.csv,0.017781254294229328,37.401406361356486
IMCB.csv,0.017792874774761415,54.72225968213119
IYF.csv,0.017847351340622136,51.820934428377875
XHB.csv,0.017848717991187514,25.351428760654315
BGR.csv,0.017890053308188797,208.53053231370401
EWD.csv,0.017891037709414713,45.23716134256286
IYE.csv,0.017918733631854786,67.258531962926
LTC.csv,0.017945598251940337,61.505154869345716
SELF.csv,0.018001156984200926,71.59689730857608
EGP.csv,0.018008724208653765,29.711044972610825
XLE.csv,0.01801761692341727,60.14895697262297
IJK.csv,0.018046624568044154,52.15667507113843
JRS.csv,0.01806104950628657,68.1801353530105
IYG.csv,0.018072201634046884,35.12201202588314
PRF.csv,0.018110762151617946,61.56714389939836
XRT.csv,0.018148175798521467,35.71803627193568
WU.csv,0.018162996177777866,175.15361203084154
RLI.csv,0.018206142897087746,46.29953102393413
AMSF.csv,0.018212328374888516,47.0516736783077
VDE.csv,0.018248076114556144,60.92465222183535
GGT.csv,0.018252459732040652,84.17402545535032
DES.csv,0.01825250322465249,87.04512292409007
PSEC.csv,0.01829807022597169,-912.8007413459161
NNN.csv,0.018313369348020705,43.16313038803554
SLV.csv,0.018319970240257936,53.83782457285896
SHEL.csv,0.01835419116327653,84.79215003611507
SIGI.csv,0.018358285235357406,32.68910179527075
SOXX.csv,0.01837541095381596,19.234044471145694
ORI.csv,0.01837894422393616,44.72997214744121
IHI.csv,0.0183925901338244,44.073294071373105
DGICA.csv,0.0184536986398217,146.709895704318
CAF.csv,0.018483242209486547,740.5093619719339
ELME.csv,0.01848710048187289,6524.840699673339
NRO.csv,0.018502399280495983,62.970950553716484
MFG.csv,0.01850847581245894,679.0585888358072
AIZ.csv,0.018517317704545448,29.48229105616777
ICLN.csv,0.01852574567835884,252.4144512776683
NWBI.csv,0.01854981903872953,344.1450988813095
AVB.csv,0.018567666285828007,39.07579047609048
CHCO.csv,0.018571655990305202,38.044945302798176
AFG.csv,0.018606807047906817,30.714095614256298
ELV.csv,0.018629151351374926,23.181769878299278
ISCV.csv,0.018659326299789555,67.96259925989526
SLF.csv,0.018662195755374276,48.754077867621874
ILF.csv,0.01875023890527653,94.46837295585941
IYW.csv,0.01875505355449244,31.815312936003743
CTBI.csv,0.018763998003390674,81.92805195238603
EES.csv,0.018853525965069166,49.83711737651951
NFBK.csv,0.018871238790265622,88.52800954435858
UMH.csv,0.01887223399906345,44.57543706627124
CPT.csv,0.018922009447418876,38.02678739514443
ICF.csv,0.018938885587508312,67.81177668741
FEN.csv,0.018940253168496183,104.28861583058895
FNF.csv,0.018940692558264385,40.91313675797734
BIP.csv,0.01894733967429086,44.683671907565284
SUI.csv,0.018977976806196763,24.277078658732673
NBTB.csv,0.01902197420450959,65.86642132632213
BRW.csv,0.01904908667041194,57.01001155629433
PGP.csv,0.019052199400614346,174.63851540538016
DLR.csv,0.019068520753839142,33.58426393428799
CBU.csv,0.019106721471800644,49.07708216385729
GLRE.csv,0.019120557998707797,147.80280440868557
NHI.csv,0.0191314584313902,49.92593685499966
BRKL.csv,0.019153315090064273,99.96580107065606
MUFG.csv,0.019162732863244127,72.1328561379543
ARCC.csv,0.019164293776765182,40.66224930994304
ARE.csv,0.019238368127266713,49.33531997290161
HE.csv,0.01923875946064466,276.10493590350086
KIE.csv,0.019242694008288836,52.16715336784962
KRNY.csv,0.0192450443618626,192.48471033898826
BAP.csv,0.01924804880384981,40.59957506783981
WAFD.csv,0.019259408000427893,48.87988364017053
GRMN.csv,0.019260295272426033,29.37692254568775
FRT.csv,0.019262845739050228,58.36170056697926
TRC.csv,0.019271038083234365,213.46682353857358
EIG.csv,0.019304962466693974,45.62740329086128
BLK.csv,0.019338254000781745,29.572317544412662
IXN.csv,0.019354682765010785,38.21509357506313
AROW.csv,0.019363946508078517,87.78288546664511
IBKR.csv,0.019452429845364695,32.85243066169712
DBO.csv,0.019473116391427014,230.55282362365864
ADC.csv,0.019492371090935347,36.626933160557954
BOH.csv,0.019575673864120884,61.39110424445818
TMP.csv,0.01960779207420572,91.6575130722929
GTY.csv,0.019629253708172412,70.06813577055435
ESGR.csv,0.01967969869078967,33.08593111918435
PRFZ.csv,0.019719708720067165,55.113669951009655
CDP.csv,0.01974203518378206,121.82965592921747
CNA.csv,0.019744224340135907,45.327028154576674
ITB.csv,0.019761215507764357,24.428938855345606
SBR.csv,0.01976543214626705,60.58096663692453
ONEQ.csv,0.019783299172839244,45.394988220563754
SBSI.csv,0.019834715878240802,72.23637023242098
EQR.csv,0.01983586307794339,49.49078056269683
THFF.csv,0.019851680248210036,95.07242457814411
NTRS.csv,0.019913279175198587,62.53393813565012
HMN.csv,0.0199229057145652,38.32741566489077
BN.csv,0.019925346849784104,43.190472472038785
RGA.csv,0.01993297433474742,35.80802694764065
RYN.csv,0.02000382937178096,85.49316161858115
HCN.csv,0.020050884193176372,47.87327715503098
CFR.csv,0.020057345501372198,49.57723277427281
GS.csv,0.020124780262218433,33.667161273898486
UDR.csv,0.020133120431934923,41.794343482067234
TRMK.csv,0.020136343114567426,73.97016842600199
EZA.csv,0.02015895383665708,91.98145043720447
BK.csv,0.0201596913662643,55.734740088966525
IAT.csv,0.02021528721728372,57.35427714218644
HTH.csv,0.02022620631854696,36.96651870964397
HTGC.csv,0.020228346766384603,50.83046733482394
UGL.csv,0.02022859468122864,51.367178863750915
NYCB.csv,0.02023316969787228,129.31521416856233
RQI.csv,0.02027238818306906,40.627737588338306
KRE.csv,0.02030312687798362,56.08775959343842
CI.csv,0.020306332359871667,21.28338635477833
BFIN.csv,0.020351203679510856,100.31571749480122
UHT.csv,0.020356130730095536,70.75153749223207
GL.csv,0.020360169809489292,42.3332880614934
PB.csv,0.020390544664255456,46.9272257540872
TROW.csv,0.020512481354538474,41.30385878224953
WNEB.csv,0.02052908652567151,116.77477575453068
CODI.csv,0.02054567793301347,54.32206284371806
GSBC.csv,0.020554875100134304,31.58442867418205
SYBT.csv,0.02056402625391671,53.518789424842176
PHG.csv,0.020583587553971557,84.26320156524739
AMX.csv,0.020592401018486726,238.57331529263308
LKFN.csv,0.020626690578480086,41.915459833975184
FCFS.csv,0.02064743229750804,30.69430147415747
UMBF.csv,0.020650471119863366,58.195779247835375
HIW.csv,0.020663675983692276,114.23281044628494
BOKF.csv,0.020704328330152167,50.13772230047529
PRA.csv,0.020712055805080204,-184.91858566501634
PEAK.csv,0.020733572836138005,147.17468435924647
SONY.csv,0.020750461181283264,34.434944178187564
BRKB.csv,0.020807709972642755,79.22741002671688
KRC.csv,0.020845396139782237,76.77985442082573
ONB.csv,0.020848645133068618,105.37044401065101
ELS.csv,0.02087213416291206,48.91640895519705
SH.csv,0.02090382215131663,-72.27520254009384
FHI.csv,0.02092432037630179,52.90737858617478
BCH.csv,0.020962280592682073,111.61976854121035
DHIL.csv,0.020966622034346447,45.19402835534834
FDP.csv,0.02098594040691986,81.1490264463593
BXP.csv,0.021031259103856594,73.95250182421046
HUM.csv,0.02104477508040881,23.66960585583674
INDB.csv,0.021052078754123495,45.26831049137319
PGJ.csv,0.02108222625559941,59.74324574460602
BFS.csv,0.02111494161796843,92.31207896042437
KBE.csv,0.02116280309094405,50.97081764497741
GOOD.csv,0.02117680016840309,64.35108905669722
PRK.csv,0.02119875067113575,54.171050749813745
EWS.csv,0.021228587065554184,50.466252832608575
DEI.csv,0.021255708872711575,80.36717524135472
PFS.csv,0.02127303934088546,76.47201767954097
MTB.csv,0.021294949487318263,46.69054582507478
AKR.csv,0.02131055301564546,77.89970548728026
XSD.csv,0.021315222303569657,25.809674355453513
NDAQ.csv,0.02133154138349861,42.917102425818214
REG.csv,0.021398701095170163,63.34026968172491
AOD.csv,0.021440700119131875,97.40537458562974
OXSQ.csv,0.021458150766331063,162.20787115731056
BLX.csv,0.021487009050617116,58.228394350684546
WASH.csv,0.021508361700038663,60.08582727416024
BSAC.csv,0.021532366328600457,195.8259143576187
JPM.csv,0.021594684389371663,31.816777008362227
AXP.csv,0.021597952344389368,25.95046645535239
TEF.csv,0.02161449674654372,-45.951338954360644
FGB.csv,0.02161640870759992,117.99431352632374
IEO.csv,0.02165519803949175,47.52257771087536
WSBC.csv,0.02168640927402022,79.86590869379576
BTO.csv,0.021719552591290003,49.31618067645134
ASR.csv,0.021758724341996227,28.2483922154673
VLY.csv,0.02180548044216927,280.1315928258601
ACGL.csv,0.021813561445827405,59.18958807293137
KMPR.csv,0.02186926996873445,41.30662206647676
NMR.csv,0.0218747502618096,292.0062880636866
ICE.csv,0.02190419406515353,45.377966476955756
AMNB.csv,0.021911462089848326,42.3594924565558
GNTY.csv,0.021912726223570232,71.73541919906515
USB.csv,0.021939061536179773,57.28432161881518
SRCE.csv,0.021939558934703635,47.105526645553525
UBSI.csv,0.02201886898088551,78.74739296860751
AGD.csv,0.022042446757351068,91.55103125701484
UVSP.csv,0.022079324644668753,162.51783496033997
VRE.csv,0.022082723864178953,155.56778759851662
FXN.csv,0.02209397476358729,65.80335493548121
CME.csv,0.022102897026501395,56.60382074971736
EWZ.csv,0.022108229437764366,94.5242662855893
SCHW.csv,0.022146587010019154,35.222558149620546
MFC.csv,0.02217039604438803,70.86585858982355
OCFC.csv,0.022176388919194615,88.19448500063268
SLX.csv,0.022212805883617803,47.13044799903704
OHI.csv,0.02224379482664944,51.32110960437525
BHLB.csv,0.022248556239817658,118.41908468262106
CUBE.csv,0.022289144517577537,25.52727932308137
CNS.csv,0.022305451341571764,29.48129209247877
SSB.csv,0.02230720937404114,45.572372359894786
PXE.csv,0.022374275305192065,49.94316242134103
TFC.csv,0.022384408901646065,66.56227439985783
TOWN.csv,0.02238835046062717,75.67153949318751
UGA.csv,0.022392340006135537,42.02255035689427
XME.csv,0.022404194102183205,51.69808073639971
STBA.csv,0.02240610347354918,93.21600455403043
TCBK.csv,0.022407705374363256,56.33079935247567
EWT.csv,0.022459682765034992,33.8791717327523
PLD.csv,0.02246793493226918,31.31594311897922
VTR.csv,0.02247048141739325,60.037044481361335
RNST.csv,0.02250028881511982,51.566176839034334
GBCI.csv,0.022506214786223,48.604924192354126
RBCAA.csv,0.022564149262951253,50.66281408706956
JEF.csv,0.02257714012829439,53.50104321296728
SFNC.csv,0.02264979832464473,131.99756224196054
KB.csv,0.02267561509279461,61.385646008394176
FULT.csv,0.02268084081924128,58.350204910284326
STC.csv,0.022711465794237676,44.504452682524466
RJF.csv,0.022744482015678805,30.53020998456339
FCNCA.csv,0.022745580962875496,27.122140627156707
XBI.csv,0.022784767555533703,51.14553265096701
TUR.csv,0.022815907319400232,75.64284728597468
ASB.csv,0.0228398388848991,87.24322094521986
JOE.csv,0.02290665260402283,46.1517095069451
PNNT.csv,0.022925153597821504,55.09095112156154
SHG.csv,0.02292603299470985,133.76780841837908
BANF.csv,0.02293896123714572,52.14485308277792
CVBF.csv,0.022980333534203364,55.95565451847141
AB.csv,0.022988915847872958,63.154099356367745
CAC.csv,0.023043635702211927,63.64462202247528
MPW.csv,0.02304613157793743,111.63858335328158
CADE.csv,0.023125742973535597,70.88299699645074
AMP.csv,0.023232833677351992,23.188289668982172
EEFT.csv,0.02328864928404848,27.898305052316132
FFIN.csv,0.02337753630436587,151.87821165788506
LAZ.csv,0.023409065171075813,74.24163669817072
BEN.csv,0.023466771030754566,202.0828248747564
FCF.csv,0.023581817045198853,69.86362619707698
NNI.csv,0.023595909175709463,29.81917087733661
MKTX.csv,0.02362472621981832,19.506470225549595
FFIC.csv,0.023653622780017876,63.586240224175455
FRME.csv,0.02368823389687749,57.987902660948215
RGLD.csv,0.02372324525136726,45.04020274382476
FNLC.csv,0.023853186972042095,61.79409513763507
ASA.csv,0.023899611482551358,978.4597192190532
GLAD.csv,0.024024254144733435,67.19113548724869
SF.csv,0.0240259740704342,58.99078221429088
VNO.csv,0.024026304933124368,251.06617991689095
FFBC.csv,0.024027333049971948,51.57453329245463
SPG.csv,0.024035448280247156,43.016558914849874
EVR.csv,0.024070044795086152,24.340760472773926
CRVL.csv,0.02407316753406057,25.038347381902028
FCBC.csv,0.02408407525035144,76.16612413988497
FNB.csv,0.024086151817060763,80.84750061765749
AMG.csv,0.024109263797489008,38.88694408593108
IAU.csv,0.024118619241032657,82.37793916580073
HWC.csv,0.024168734835940977,75.99187144769108
PNC.csv,0.024178059111663937,40.1860979304684
AFL.csv,0.0241800119373506,51.68817795272004
SASR.csv,0.02418959625012851,68.3535168596232
IBOC.csv,0.024278500198369676,44.87923713218325
CZNC.csv,0.024291983634939996,74.45490512692575
MET.csv,0.02429338603246816,53.12218204366147
BDN.csv,0.024312341625651962,109.92623136975651
UNM.csv,0.024383406586493787,45.4011908416832
HOMB.csv,0.024384804757787835,76.53685872002004
PBT.csv,0.024418949001367082,84.3248916313433
GDX.csv,0.024493780289724886,87.04730290478349
CTO.csv,0.024549338048514568,169.1641159884162
CCBG.csv,0.02456716230836565,74.93801068947177
CSGP.csv,0.024615460454961897,29.69844997785662
MS.csv,0.02473392129998335,32.833365031223934
JLL.csv,0.024739653973905974,31.409472121896645
HTLF.csv,0.024766126961266465,53.305578376848324
KIM.csv,0.024786721901681578,71.5228817956478
IEZ.csv,0.02480101516744482,102.11220789984353
UFCS.csv,0.024824546544389755,124.32992813444321
PNFP.csv,0.024904204909644373,41.345297725576565
BSRR.csv,0.024906144245671686,75.0496118857193
EFSC.csv,0.024909260539632487,41.40647898917562
GAIN.csv,0.024943192409508066,43.50341808060589
FHN.csv,0.02498256034834217,65.9902068255057
EWI.csv,0.02507351436881569,56.07292770216283
COLB.csv,0.02507724491969983,47.30400016859133
IEP.csv,0.025087140449193183,164.32456083970942
KYN.csv,0.025087526186052856,151.90337716981787
SAN.csv,0.02510008587559876,288.10048396200045
WFC.csv,0.02512284828244761,56.9028956646018
DFS.csv,0.025163033289751967,25.829443276026307
IVZ.csv,0.02525217158305863,69.02893759225623
SNEX.csv,0.025259468962852097,28.372091089838417
LBAI.csv,0.025267347629590115,65.37343398556845
FSP.csv,0.02527208502593568,-189.11156165765018
WTFC.csv,0.02531989718928496,35.175989024491884
BBVA.csv,0.025416815950363342,107.23317124907646
PEBO.csv,0.025497636457815633,53.01573359609323
OZK.csv,0.02555143746031419,50.79157045201253
CATY.csv,0.025551521044970615,51.57078189822049
RPT.csv,0.025577929652529235,50.15139988344321
DDM.csv,0.025631084058563437,40.587790499619956
PFC.csv,0.025679989868559794,39.466284175171175
CACC.csv,0.025683216682172657,19.983725583291328
AUB.csv,0.025733932832060886,59.505485177810904
SKT.csv,0.025737140039268018,94.32626670249411
BX.csv,0.025807709275300964,23.441759688609498
PUK.csv,0.025854524972602357,52.143697944635115
LXP.csv,0.025907627128336393,50.20634702233114
CNC.csv,0.025925796617349537,35.69006946815737
HST.csv,0.026008057177472288,44.92091588787583
BKCC.csv,0.02602412887983393,317.10792699509454
HDB.csv,0.026037388886240992,58.207076476253135
FBNC.csv,0.02604493468320019,48.10244391458177
PIPR.csv,0.026098991219921326,34.984259034019026
TCBI.csv,0.02615748411029819,33.96758801210616
EPR.csv,0.026233233356304897,54.607245632066224
STT.csv,0.02624325943208928,48.515837441442685
CXW.csv,0.02637298563869654,84.1371587638703
PRU.csv,0.026388415568831192,39.383899546033014
CMA.csv,0.026575063873251717,43.154077763493625
PFG.csv,0.026616390485676735,39.44834907071098
WSFS.csv,0.026653839243966516,67.00591014740361
WHG.csv,0.026675578273300107,171.71561204708013
OPY.csv,0.02679304913780143,40.22396632960911
OLP.csv,0.026856610250136564,45.27330398249768
SSO.csv,0.02692753631511452,41.74353300856603
FISI.csv,0.027066076705530462,58.08854528285598
MCBC.csv,0.02713681144952677,39.79520330865638
UVE.csv,0.027159569218587597,31.51613503114362
HOPE.csv,0.027163874763139653,63.47497718031697
COF.csv,0.02717296801115578,37.08261413172618
EZPW.csv,0.027226937618538484,125.60852357100386
WTBA.csv,0.02754511906266472,52.69775910798188
AIV.csv,0.02772831497113133,55.90567193870527
CRT.csv,0.027792847647848277,110.42593041450544
FR.csv,0.02795457105070186,30.44349662090324
PRAA.csv,0.028054407251494932,72.83734144921902
RWT.csv,0.028223131601033655,128.0720379217918
IBN.csv,0.02824716417387399,49.93538728408137
AEL.csv,0.02832651669726416,29.97171666330496
NRT.csv,0.028405186715062033,694.7140555536677
DB.csv,0.028414237936124014,261.88027402006327
KEY.csv,0.028472913481304808,53.13003277896371
SLG.csv,0.028503705318985613,51.03666200199257
ABCB.csv,0.028511269411244784,35.115061870000694
HIG.csv,0.028575562573021927,34.958516988502424
SJT.csv,0.02858719635322649,-367.4434756692745
BAC.csv,0.028958093205482503,45.101603300874814
AEG.csv,0.029027394595813702,75.11506054385106
EWBC.csv,0.02911611224710003,35.955443403397815
AGO.csv,0.02912277681702674,31.610637210887017
WBS.csv,0.029176772567072774,38.02679180251558
CBRE.csv,0.029195745608290028,24.0705885087899
SLM.csv,0.02935357541080941,43.15900171330818
WT.csv,0.029471623502505578,78.07249153146651
ZION.csv,0.029692001319401383,50.653962779097135
RHP.csv,0.02972870583435272,28.97164458771584
ING.csv,0.03003757478054467,54.97674478303648
SVC.csv,0.03011867855393037,98.25472306600278
IRS.csv,0.030191050030995363,47.85602406334116
MVV.csv,0.030233998664521446,40.32336845250428
CIA.csv,0.030315851053159284,240.789926916163
DRH.csv,0.030667991077690616,49.21581099489479
CCL.csv,0.030808517428952766,77.78649519808782
RF.csv,0.030848549036150887,45.041159268970794
TBBK.csv,0.031431414871156985,28.35704638225173
MAC.csv,0.031480061867061045,70.55679345919062
OFG.csv,0.031498587381217254,32.38939627755294
ECPG.csv,0.03152364237148053,31.085578762377207
UWM.csv,0.0316115858677188,45.01207018333228
QLD.csv,0.03196406466027566,37.39791415129345
HBAN.csv,0.03223099207161634,50.443184872220755
ABR.csv,0.03240600598528809,34.76499688803503
WAL.csv,0.03247514620821934,31.348167971833057
UYM.csv,0.032505445459699474,43.85512498144475
BCS.csv,0.0326062970823261,68.16817381108878
NWG.csv,0.03289492861514815,100.28601974607592
DIN.csv,0.03311842195324506,35.711964547737274
BKT.csv,0.033120299416232596,74.14424959948896
JNK.csv,0.03319854555786169,60.557571421074954
DHC.csv,0.03321282271647286,229.37246548760328
AGM.csv,0.03330846984925593,21.94377975055651
FITB.csv,0.03347822272557911,37.11005039284268
MSB.csv,0.03390178034387797,44.18471630081198
LYG.csv,0.033991653814314376,119.52525741783845
MFIN.csv,0.03415181474237033,53.337880855743194
LNC.csv,0.034163360756087495,51.22958724458439
WRLD.csv,0.03425982816609586,31.546828218403935
BMA.csv,0.034733535380320174,40.9034040994916
IBB.csv,0.034779535327596235,51.257907050581814
YCS.csv,0.0351055437854281,53.31415565096756
GGAL.csv,0.03526841704815599,30.19485693377167
DSU.csv,0.035341371616469705,52.006064507064565
FANH.csv,0.035465470838438755,66.8870295225095
MHLD.csv,0.03592333615958946,63.68468328464037
BBAR.csv,0.03638331439297281,44.14110608920888
SITC.csv,0.036502129616658475,44.14002174497162
HMY.csv,0.03754956031134443,67.72276044663025
DX.csv,0.03756059350117856,68.69091153490079
OCSL.csv,0.03758168999726377,55.43398930829618
CNO.csv,0.03762845458277786,31.805262478085783
BPT.csv,0.03777859321855724,-188.62465231159064
GHI.csv,0.0379270432311621,52.273487969929555
SPXL.csv,0.03794082696832667,33.597382097887866
GNW.csv,0.03901671823747816,39.58123044979785
EHTH.csv,0.0402790207386066,54.98302990839194
RDN.csv,0.04125778426798492,30.771743375147253
MBI.csv,0.04139465006038765,45.276434108141224
BUSE.csv,0.04189332025520123,67.01597701865484
MFIC.csv,0.04247235761887304,65.24582295687337
GROW.csv,0.042874441866406196,60.28525592971735
MTG.csv,0.04365004755972201,30.94556927220525
TNA.csv,0.045246635007990955,41.10159965093912
SMB.csv,0.04617569420271911,-44.098070337083804
NLY.csv,0.04635069557032796,81.66484524650137
GDL.csv,0.04677604383991331,-40.34782046665595
NKX.csv,0.0467853107515903,-46.562594784049516
SBI.csv,0.04681750897206896,-45.45720582030368
PNF.csv,0.04706645390378507,-48.038794906371
TECL.csv,0.04709191991470301,29.37841758586966
DBP.csv,0.04739409031605447,-55.583625110242174
DIM.csv,0.047525377201686106,-56.09424026529237
CET.csv,0.047590802176403886,-63.38017659121833
GLU.csv,0.04795508859350627,-47.10331833723029
CAR.csv,0.048635589227504716,19.399017693608137
PKB.csv,0.04899899318783073,-102.93449929996252
FXL.csv,0.049027660712628596,-150.13644628357534
XNTK.csv,0.04941622035815843,-102.46519367280426
MAIN.csv,0.0494677405426362,-97.11350645360517
ZTR.csv,0.049988494775623935,79.90285481639033
USL.csv,0.05010756468204168,-59.63490561296513
BBDC.csv,0.05017853956971978,-54.842303057744395
DOG.csv,0.05022527637767193,182.33626943148508
FFNW.csv,0.05033914017142004,-66.43010199696897
PSQ.csv,0.0503725899626277,-2691.324098319174
EWJ.csv,0.050629523849265244,50.49776978230772
NXDT.csv,0.05068472956513324,77.49012923346501
RWM.csv,0.05090899758654441,213.61599306179377
PXI.csv,0.05108988992147707,-84.32890998295989
SEF.csv,0.05131993902100727,-38.01134117629663
EWM.csv,0.05147401918232625,64.69662732979324
ATLO.csv,0.051713415679945314,-61.22037127992022
CLM.csv,0.05191224445805488,93.85649366889903
REM.csv,0.05197551102674995,73.6908487235103
CRF.csv,0.05233244590574174,91.56580686398789
CSWC.csv,0.0526870607002427,-53.73373045850202
TYG.csv,0.053268834588703295,57.608800824050014
CUZ.csv,0.05357893887279095,62.97356222172117
TBT.csv,0.053959131653734144,95.98887084813693
ASX.csv,0.05418841126565795,-129.19631898282523
XOP.csv,0.05469900872466379,48.25359937320594
EQC.csv,0.05550397002219981,48.10465975480188
CRDB.csv,0.055657146002183994,-94.50782994649184
ROM.csv,0.05731331576516396,-488.587803080249
ILCG.csv,0.057335367919897455,52.98617881701655
KRG.csv,0.05787759173362137,47.43652721170928
OSBC.csv,0.05828208267049303,-159.5880151462953
SAFE.csv,0.05918329547491144,36.135292438033694
SMOG.csv,0.059829043898492,-239.28157424892433
VLT.csv,0.0636763930483112,57.735144783060356
ACR.csv,0.06435527279915178,44.01539211692946
MFA.csv,0.06547314385353606,45.56360532138554
JEQ.csv,0.06613200395592538,-33.099158820053226
AFK.csv,0.06614003311450455,-31.157535739052182
FXR.csv,0.06620348000652039,-43.934565624754235
FXO.csv,0.06641195072277517,-42.37873408271812
HAP.csv,0.06654821877924905,-36.30342116268466
ERTH.csv,0.066683866816342,-38.09810293433982
PSP.csv,0.06707784675772258,50.49167511116578
ESSA.csv,0.06741325504137743,-36.470535255893594
SLYG.csv,0.06771540423810544,-38.72970346499789
PTH.csv,0.06787164776124906,-39.821540515673945
ALX.csv,0.06816518932749868,-34.76965781613946
BMRC.csv,0.06831199854619542,-36.16416786816354
PBW.csv,0.06854264151001085,57.52924091970112
CIM.csv,0.06924545224358769,68.74553909806491
SBCF.csv,0.06926977876269383,47.35136849886763
URE.csv,0.06941190594924843,39.3065678303261
TRST.csv,0.06949178292397055,59.337547742527114
HYB.csv,0.06951006546630534,55.04682038778905
PGC.csv,0.06984910567555046,-39.55927273289647
MBWM.csv,0.07004193244406512,-59.01658464370134
RXL.csv,0.07008376263390376,-46.0864397247355
PXJ.csv,0.0704034130972925,59.739546822150814
CRDA.csv,0.07085687346902018,-47.495928567819824
UCBI.csv,0.07165904166333488,56.64610577620656
FNX.csv,0.07450477900052234,-35.200965266809156
UNG.csv,0.07616871602020577,80.3454817596554
SKF.csv,0.07832959542936033,78.9762111389311
FRO.csv,0.07946666628040307,57.015355626528525
AGQ.csv,0.07959275494763118,45.9343275852912
NRK.csv,0.08016780862126813,-25.348402553191075
NXC.csv,0.08028866256213943,-25.734103038750703
PDN.csv,0.08044309923578218,-28.039686098536887
PIZ.csv,0.08077893228492918,-28.19533842239022
MFV.csv,0.08104443833978525,-26.55316279934235
FTA.csv,0.08118556452224135,-29.623789552982604
SPYV.csv,0.0813765863861432,-27.411204615039807
QCLN.csv,0.08207237357097082,-31.489931588971803
GABC.csv,0.0823111347402921,-30.71878751247782
SRV.csv,0.0832763676964128,44.6101053945447
SOL.csv,0.08330957879362477,47.48498634617446
GLL.csv,0.08364402284764894,62.131750210724846
PLUS.csv,0.0838100534647108,-36.88324492204893
TURN.csv,0.08877018811201728,-33.27077878354551
TWM.csv,0.09051411477576989,70.0578516322788
PYN.csv,0.09268562135781014,-22.145358016899195
EWX.csv,0.09287956595762725,-23.56678920733759
PKW.csv,0.0928996706731169,-25.14931408626039
FTCS.csv,0.09314948378562556,-24.608170866926717
RXI.csv,0.09329295765737546,-24.676576003891306
FDM.csv,0.09330147056633768,-24.947693341780262
DSI.csv,0.09348698511012052,-23.988595488225915
MPV.csv,0.09358393724348621,-23.551277767400528
ISCB.csv,0.09381464604904349,-23.807522952284256
EZM.csv,0.09385930738567455,-24.28346492626028
NRIM.csv,0.09429762691240588,-26.373422839685073
EDC.csv,0.09439685637526005,43.948957644671204
CNOB.csv,0.09468966654737257,-25.323145442827407
NWLI.csv,0.0951017789461347,-25.957026750053846
HTBK.csv,0.09699811516769259,-24.82827378792448
EEV.csv,0.0978997986833853,65.53417622830285
SRS.csv,0.09792106628318782,60.845006127599824
DXD.csv,0.09832724183999113,59.93204902584388
SDS.csv,0.09908872128675458,63.27229104247999
BANR.csv,0.10006775454633779,51.02949170625983
SOHO.csv,0.10061078230683386,-29.333162148994894
PWZ.csv,0.1029189797125874,-19.584789542615862
AOK.csv,0.10300429560959906,-19.77289115219129
FXP.csv,0.10361791531331331,46.33854139242992
SNV.csv,0.1038315316763491,50.985469775883
IGPT.csv,0.10448405698406026,-21.742881878012632
HFWA.csv,0.10485224546222086,-21.229501217810373
FAS.csv,0.10746683675097214,34.42902040009384
QID.csv,0.10931091275219913,59.79623037455445
SCO.csv,0.1099097871035075,42.13412273042643
DUG.csv,0.1107760892406917,51.259537471687615
HAFC.csv,0.11191606188769802,48.75224140873525
PZT.csv,0.11279071680788419,-17.804446395195054
QQXT.csv,0.1133963777591432,-19.606444987922746
KCE.csv,0.11355914714248709,-19.465490275732666
FXD.csv,0.11364806330018412,-19.620747410602306
KF.csv,0.11380899674426846,-17.96441733640311
FYX.csv,0.11390276431629989,-19.534028718445654
IMCV.csv,0.1139714817235837,-18.73518949944297
EGBN.csv,0.11538238142233663,-20.450270757573044
WSBF.csv,0.116270895917391,-20.712254270685246
SFE.csv,0.1198933743850082,-67.02283110726746
USD.csv,0.12005114696133921,-23.843821416977434
UHAL.csv,0.1208754585682345,48.73563104464138
CPSS.csv,0.12197387411668544,-27.384362900166792
NYF.csv,0.12200915873043895,-16.215396606618544
SPEU.csv,0.12219386769119307,-16.924432221213557
DEW.csv,0.12223321479720387,-16.870601630807286
MDYG.csv,0.12304124124145327,-17.40949741539362
USO.csv,0.1235061492041562,66.77189477550598
WF.csv,0.1239598404689592,-18.15087290606483
FLIC.csv,0.1278623148858819,-16.16488711541742
PVI.csv,0.12998181630873337,-15.320947648994366
SPTL.csv,0.13046383247060986,-15.19924475741387
FEX.csv,0.13061051174044253,-16.379839468897256
FTC.csv,0.13072987616195436,-16.449098076018224
DTRE.csv,0.1383511419048983,-14.926531522052052
DXJ.csv,0.13840440639733484,-15.007157828507836
DNL.csv,0.13868516737593203,-14.646849205066506
IMCG.csv,0.13912111102455987,-15.195225208722455
PFBC.csv,0.14172581428652978,-25.049246549101746
XES.csv,0.14266267807668553,58.288091616923694
BPOP.csv,0.14334613534658455,49.63447726301111
RDI.csv,0.1437525888097998,-14.519380392910035
C.csv,0.14574047254659678,54.483079782174066
DIG.csv,0.14584663059835243,56.79010158186031
XMMO.csv,0.1462084770012401,-14.526753040065179
FGD.csv,0.1465042113807107,-13.972027070878354
CCNE.csv,0.14686559274266583,-14.535005344265093
PTMN.csv,0.14694025278706302,58.32282876856424
UYG.csv,0.14879617376974638,49.64036222812061
XIN.csv,0.15000890346354517,60.30693712272711
NYMT.csv,0.15134574427301223,-17.02924099237855
CSR.csv,0.15184811885291907,61.80663612108963
TPHS.csv,0.1527382784650642,-13.499406727890314
NKSH.csv,0.1545376204593035,-13.584426322251359
MLP.csv,0.15583359117195322,-14.074436634352672
BXMT.csv,0.15667567660280804,50.847990083132494
SMN.csv,0.1583279646729275,-22.036500002763272
IBCP.csv,0.15848081181321153,48.01666088822452
WPRT.csv,0.15883601840217024,52.17719779429976
NAZ.csv,0.15914025223932715,-12.597604426006862
DTF.csv,0.15915201107809124,-12.501071341724815
SCJ.csv,0.1596635951184006,-12.739195580852174
XMVM.csv,0.1598817441401455,-13.027341721497326
PYZ.csv,0.1600658624491575,-13.088020754665399
CEE.csv,0.16025457845554986,-12.63280707406202
PTF.csv,0.16040242626086998,-13.17185584567471
CUBA.csv,0.1604955985270002,-12.767099335795768
MYY.csv,0.1606282768827198,-14.01185933741126
PSI.csv,0.16077971486292578,-13.363728683298076
SPE.csv,0.16569883960377088,-12.11567962958014
BJK.csv,0.1663152919301431,-12.398038134457053
EPS.csv,0.16639943057495046,-12.310429065895821
FAB.csv,0.1692994516499426,-12.254916906948962
PWOD.csv,0.17260096662506194,-11.80619869117713
BMVP.csv,0.17261478146896989,-11.804491978874768
DCOM.csv,0.17316991129333134,-11.927113662338055
RVSB.csv,0.17385604781894984,-12.388837040109758
TZA.csv,0.17394117746409424,39.12942002665172
STCN.csv,0.17460817575615906,89.146950341342
PNQI.csv,0.1766007098301489,-11.849477136738411
ZSL.csv,0.1775104895774365,44.56419791414968
GBF.csv,0.1776289793047935,-11.180921246757487
EDZ.csv,0.17884048873919475,50.44504652863156
BHB.csv,0.17917623617044123,-11.48217227386494
UCO.csv,0.1865562430448784,41.962993701530166
MTR.csv,0.1870842436339949,-11.366974494000115
DHT.csv,0.188998449121988,63.578830903261306
DFE.csv,0.1894872045075542,-10.711195743860937
PUI.csv,0.18957747884312953,-10.649377101068199
SPXS.csv,0.19014005495459932,48.870974792461354
ISCG.csv,0.19026586514492674,-10.73391613032016
AHT.csv,0.19878395590936596,41.66935827370966
ERY.csv,0.19899393539325366,40.16247299627217
HALL.csv,0.20021283064826248,-63.41054108549177
AX.csv,0.2025917453761479,-10.661195608042304
JMM.csv,0.2051634563976984,-9.691884833261769
ROIC.csv,0.20573832501139153,-9.82245158775284
EEA.csv,0.20791987818984872,-9.66418294402045
NMT.csv,0.21001289647399346,-9.45997227338812
PSL.csv,0.21009122215596623,-9.632137523835485
PFI.csv,0.21556216358527205,-9.350622629044839
SPTM.csv,0.21558679673979778,-9.350192958869119
HCI.csv,0.21640327862137854,-9.763235544892984
ERX.csv,0.2171268511103722,55.147658914942596
FAZ.csv,0.2191861544923227,36.57253075608477
GII.csv,0.21980796053462018,-9.06657076714297
JPXN.csv,0.22433651314660816,-8.899042430427404
TWN.csv,0.22462271387284338,-8.988624790959044
KFS.csv,0.22661529714020057,-9.710664829224305
OCN.csv,0.2301666933325757,54.328736311533646
FBP.csv,0.23160698628464085,60.88712257210234
EBTC.csv,0.2346526538950084,-8.71318041028409
GBLI.csv,0.23502812107682486,-8.776211310127772
FMY.csv,0.23782728172843917,-8.285905850043697
GRPU.csv,0.23876543569521333,-8.544814724477
AIG.csv,0.23988567235259498,51.46139486106227
TECS.csv,0.24323860683610848,39.38253020230221
FPX.csv,0.24694622767927268,-8.161344635547165
SPMD.csv,0.24694835984583088,-8.098908752706548
COOP.csv,0.24728696448548576,39.517028311087365
RDOG.csv,0.2543263682303073,-7.819969095792847
NXN.csv,0.2583118545412276,-7.625273274845131
MOFG.csv,0.26326033703004714,-7.631192471738724
CPF.csv,0.2680594684154245,61.453382514343325
PEZ.csv,0.2708264237834463,-7.382480758184386
VFL.csv,0.2738359198742409,-7.182823241231338
SAR.csv,0.2742209750041029,-11.583995737579922
ASRV.csv,0.27459330130476706,-7.328080918794748
BRT.csv,0.27466642831862004,-7.3259964730324505
PROV.csv,0.2747332886113199,-7.303685239063048
PPBI.csv,0.28176086327128513,-7.17174722140011
KW.csv,0.28885335724453826,-6.8438895722696085
VHC.csv,0.2890649126347872,82.41256981717873
EWV.csv,0.2935846265280644,-6.965389401810716
ARR.csv,0.2946032333234218,-9.009943054440717
IEUS.csv,0.3023558691038873,-6.522113068280534
EGF.csv,0.3085136414061134,-6.313367056942546
MZZ.csv,0.31173479161199164,-6.838957362772658
BANC.csv,0.3172538893348635,-6.273208813397496
XSMO.csv,0.3217970016494942,-6.131087063925218
FDD.csv,0.32230169059765584,-6.073702134920356
UPW.csv,0.32575502595168787,-6.065091024591572
MXE.csv,0.33108198361325947,-5.913750443612778
FUNC.csv,0.3346204243624027,-5.913247924622779
CASH.csv,0.3357876917014062,-5.942756535935621
TOK.csv,0.3367813183214381,-5.816151214860021
CMCT.csv,0.339088856024133,-6.1004432097705905
FAD.csv,0.34116365887586453,-5.753320909822235
ULE.csv,0.345575572831657,-5.600345469454588
SSG.csv,0.3466108819453342,-6.672254034412611
KNCT.csv,0.35865011755262854,-5.460799364721213
MDYV.csv,0.37107054348250734,-5.235444333483339
HBNC.csv,0.3764383769586956,-5.165313376287293
UBFO.csv,0.37663499923503685,-5.1944123604511026
REW.csv,0.39375290289120474,-5.255478345167808
DGT.csv,0.40558765841321914,-4.742959387080864
SDP.csv,0.4128843874146711,-4.804085667144126
NLR.csv,0.41650797784900373,-4.658907509000085
TSBK.csv,0.42096417497936345,-4.596285816216609
NICK.csv,0.4215489461097282,-4.5753744268428
CIVB.csv,0.427503974826242,-4.507006733953533
QCRH.csv,0.429300781795505,-4.483537374821594
ATLC.csv,0.43740743080263395,-4.472034492911385
PKBK.csv,0.4375658057033257,-4.385884270511124
EQWL.csv,0.43979998934649694,-4.341927651192034
RESP.csv,0.4403725061990908,-4.330477915934759
IDHQ.csv,0.4420373567290153,-4.311919278595889
UXI.csv,0.45293286684137557,-4.227452082448597
COHN.csv,0.4577207648877185,-5.472683392558797
BCBP.csv,0.46832670510319035,-4.044341481408743
FRST.csv,0.4813800079577837,-3.9274293633508184
SPLG.csv,0.4849807520815857,-3.8820612960890513
SNFCA.csv,0.489829711716821,-3.895580212487992
EFU.csv,0.49293713975930004,-3.849893680649973
CVCY.csv,0.4953261332687016,-3.818500903564257
CFFI.csv,0.5052106161466045,-3.7207363967605063
ITIC.csv,0.5350946896352597,-3.473430082756693
CVLY.csv,0.5367572381304486,-3.458746297380623
ARL.csv,0.5371514963677382,-3.4931923122903212
PSR.csv,0.5385215036340879,-3.4369278173216156
SAA.csv,0.55228935895028,-3.3515169909454996
AXR.csv,0.5533332386827875,-3.334521893023134
UCC.csv,0.5600791550212209,-3.2896799828082917
FBIZ.csv,0.5667569823506043,-3.244861049616869
UNTY.csv,0.5702201331312191,-3.2216041718247084
SMMF.csv,0.5733937326073927,-3.2036412866775814
STRS.csv,0.5805417244355687,-3.1567956757045437
PW.csv,0.5842353098217441,-3.1130956048520533
SBB.csv,0.5856153018217327,-3.1253099664784076
EQS.csv,0.603508542638384,-2.9871606669377195
UBCP.csv,0.6046277344648856,-2.983641601161589
YCL.csv,0.6096073139641716,-2.97314551880201
NWFL.csv,0.6098821556028727,-2.9482863915344755
SIJ.csv,0.6144749600710155,-2.9859355080784096
WTV.csv,0.6177138951975374,-2.9009039811367665
RBLD.csv,0.6226630261695244,-2.8694831867911454
SBFG.csv,0.6230235840565973,-2.876981268235573
FUSB.csv,0.6244783112793346,-2.865567684815987
HIFS.csv,0.6288587219530225,-2.8425904994226596
AAME.csv,0.6328149158949231,-2.846455923518868
NBN.csv,0.6363360121357151,-2.808921796024921
XMHQ.csv,0.6387037262853816,-2.7807951989854294
PEBK.csv,0.6424113219947885,-2.766382442596335
UGE.csv,0.642885181457857,-2.7584841798165387
SDD.csv,0.6462604212829902,-2.8172358445811927
UNB.csv,0.6466473968465309,-2.737127082945622
SFST.csv,0.6638735528631255,-2.6496101285170224
RXD.csv,0.6707569432259838,-2.6448883546233186
KINS.csv,0.6836121175502627,-2.8671537338620503
SMBC.csv,0.6892037035107482,-2.5156517542341374
FCCO.csv,0.6933868857320636,-2.4926380360735427
CBAN.csv,0.6961854446815643,-2.4834134768486886
EVBN.csv,0.7007683722096645,-2.4529236424808882
OVBC.csv,0.7035116076470975,-2.4397418848994077
TCI.csv,0.7041768917335083,-2.451643913735354
SSBI.csv,0.7141796150897155,-2.3913813827304504
OPOF.csv,0.7144607491061682,-2.385449313389821
SCC.csv,0.7183492608803376,-2.40426319922711
CZWI.csv,0.7316545753118985,-2.3053944954202414
SZK.csv,0.7392872340575282,-2.2850517898725378
PLBC.csv,0.7394577854793448,-2.286050380735902
BYFC.csv,0.7468905239942968,-2.362694546026383
HWBK.csv,0.7483868688404945,-2.231170894965334
BHV.csv,0.7575044143513775,-2.183745380743573
FBMS.csv,0.7591604515369847,-2.1962036528138675
HMNF.csv,0.7626093051666067,-2.175193974959653
CFBK.csv,0.7687102270775474,-2.2014495440310875
EVX.csv,0.7779148712993581,-2.099176045050722
SIEB.csv,0.781001180212699,-2.1114325821975557
LARK.csv,0.7883949454194129,-2.0533880094639243
OPHC.csv,0.7981975511630068,-2.175881308072441
GCBC.csv,0.8014606522640666,-2.004366910002674
AUBN.csv,0.8076950857274167,-1.9729924978681006
GRF.csv,0.8084315833314125,-1.9704820906046494
MPB.csv,0.8104067121166894,-1.9646029798688935
CWBC.csv,0.8126188468744953,-1.9595354159256309
FSFG.csv,0.8191435680802204,-1.9265396566163449
CARV.csv,0.8219901327032432,-2.2408960724022444
LTL.csv,0.832857965638533,-1.8720609960620653
NOM.csv,0.8364320737839043,-1.8528368530488823
RDIB.csv,0.8517192711091272,-1.8987540893239194
KFFB.csv,0.8897584871697588,-1.640368332786629
PBHC.csv,0.8982656443792577,-1.6147878723279698
IHT.csv,0.8994548533241733,-1.6199845155318844
FTDS.csv,0.9034864877195117,-1.585087822022271
FCAP.csv,0.9084253356470068,-1.5668189858761787
INTG.csv,0.9090508613441499,-1.5695572569533704
PNBK.csv,0.9146363956333076,-1.6178798311110372
RAND.csv,0.9164915690296834,-1.5955113571937005
DGICB.csv,0.9507065099121624,-1.3931541752575582
MGYR.csv,0.9564610960013765,-1.3651330325600426
NEN.csv,0.9636663135169068,-1.3189484023394986
MAYS.csv,0.96375904583454,-1.3313211390214312
IOR.csv,0.9661383430414476,-1.3191266534407662
GLBZ.csv,0.9692092073519902,-1.2939652374777701
LSBK.csv,0.9714040826524882,-1.2784154903359821
AGMA.csv,0.9784662494145407,-1.2520518350611567
VBFC.csv,1.0000474099991516,-1.4511067793189598
